id_pdc_itinerance,id_tariff
FRATLE102112,FRATL5152fed1-8794-4df8-9bed-55deef54d319
FRATLE006382,FRATL99d24794-f778-46e6-8171-555bab3a25c4
FRATLE000033,FRATL34f7e4fd-ea01-402e-95ed-1a92fedd4a39
FRATLE003571,FRATL99d24794-f778-46e6-8171-555bab3a25c4
FRATLE105003,FRATL34f7e4fd-ea01-402e-95ed-1a92fedd4a39
FRATLE105112,FRATL5152fed1-8794-4df8-9bed-55deef54d319
FRATLE105381,FRATL99d24794-f778-46e6-8171-555bab3a25c4
FRATLE104041,FRATL99d24794-f778-46e6-8171-555bab3a25c4
FRATLE103932,FRATL99d24794-f778-46e6-8171-555bab3a25c4
FRATLE005361,FRATL99d24794-f778-46e6-8171-555bab3a25c4
FRATLE105001,FRATL5152fed1-8794-4df8-9bed-55deef54d319
FRATLE100831,FRATL5152fed1-8794-4df8-9bed-55deef54d319
FRATLE105111,FRATL5152fed1-8794-4df8-9bed-55deef54d319
FRATLE104261,FRATL99d24794-f778-46e6-8171-555bab3a25c4
FRATLE100632,FRATL5152fed1-8794-4df8-9bed-55deef54d319
FRATLEHYC15022BZ0986A1,FRATL99d24794-f778-46e6-8171-555bab3a25c4
FRATLE005923,FRATL34f7e4fd-ea01-402e-95ed-1a92fedd4a39
FRATLEHYC15022BZ0991A2,FRATL99d24794-f778-46e6-8171-555bab3a25c4
FRATLE103931,FRATL99d24794-f778-46e6-8171-555bab3a25c4
FRATLE005911,FRATL99d24794-f778-46e6-8171-555bab3a25c4
FRATLE003631,FRATL5152fed1-8794-4df8-9bed-55deef54d319
FRATLE004113,FRATL6fda9486-bb45-49e1-9b86-84b8f251a478
FRATLE103691,FRATL0d03b682-293f-4f8a-8444-35641b04c757
FRATLE101012,FRATL5152fed1-8794-4df8-9bed-55deef54d319
FRATLE105372,FRATL99d24794-f778-46e6-8171-555bab3a25c4
FRATLE100291,FRATL99d24794-f778-46e6-8171-555bab3a25c4
FRATLE102162,FRATL34f7e4fd-ea01-402e-95ed-1a92fedd4a39
FRATLE003301,FRATLe06972d7-a9e5-45f3-b044-5a6c712110b2
FRATLE104801,FRATL34f7e4fd-ea01-402e-95ed-1a92fedd4a39
FRALDE100712,FRATL5152fed1-8794-4df8-9bed-55deef54d319
FRATLE103132,FRATL5152fed1-8794-4df8-9bed-55deef54d319
FRATLE004121,FRATLe06972d7-a9e5-45f3-b044-5a6c712110b2
FRATLE002111,FRATL34f7e4fd-ea01-402e-95ed-1a92fedd4a39
FRATLE004491,FRATLe06972d7-a9e5-45f3-b044-5a6c712110b2
FRATLE101151,FRATL5152fed1-8794-4df8-9bed-55deef54d319
FRATLE105073,FRATL34f7e4fd-ea01-402e-95ed-1a92fedd4a39
FRATLE002261,FRATL99d24794-f778-46e6-8171-555bab3a25c4
FRATLE002192,FRATL34f7e4fd-ea01-402e-95ed-1a92fedd4a39
FRATLE104751,FRATL30d42725-886e-4aaf-a2b6-4fa1d232bb4b
FRATLE104732,FRATL34f7e4fd-ea01-402e-95ed-1a92fedd4a39
FRATLE104972,FRATL5152fed1-8794-4df8-9bed-55deef54d319
FRATLE110851,FRATL5152fed1-8794-4df8-9bed-55deef54d319
FRATLE105082,FRATL5152fed1-8794-4df8-9bed-55deef54d319
FRATLE104921,FRATL34f7e4fd-ea01-402e-95ed-1a92fedd4a39
FRATLE101732,FRATL34f7e4fd-ea01-402e-95ed-1a92fedd4a39
FRATLE004701,FRATLe06972d7-a9e5-45f3-b044-5a6c712110b2
FRATLE103701,FRATL0d03b682-293f-4f8a-8444-35641b04c757
FRATLE001032,FRATL99d24794-f778-46e6-8171-555bab3a25c4
FRATLE104291,FRATL5152fed1-8794-4df8-9bed-55deef54d319
FRATLE103151,FRATL5152fed1-8794-4df8-9bed-55deef54d319
FRATLE104191,FRATL30d42725-886e-4aaf-a2b6-4fa1d232bb4b
FRATLE103901,FRATL99d24794-f778-46e6-8171-555bab3a25c4
FRATLE110961,FRATL0d03b682-293f-4f8a-8444-35641b04c757
FRATLE101572,FRATL5152fed1-8794-4df8-9bed-55deef54d319
FRATLEHYC15022BZ0974A1,FRATL99d24794-f778-46e6-8171-555bab3a25c4
FRATLE101531,FRATL0d03b682-293f-4f8a-8444-35641b04c757
FRATLE105553,FRATL34f7e4fd-ea01-402e-95ed-1a92fedd4a39
FRATLE002231,FRATL99d24794-f778-46e6-8171-555bab3a25c4
FRATLE004651,FRATLe06972d7-a9e5-45f3-b044-5a6c712110b2
FRATLE004401,FRATLe06972d7-a9e5-45f3-b044-5a6c712110b2
FRATLE001161,FRATL99d24794-f778-46e6-8171-555bab3a25c4
FRATLE003333,FRATL7263d104-13cf-4838-9a5a-2974f967fb7a
FRATLE100811,FRATL5152fed1-8794-4df8-9bed-55deef54d319
FRATLE000803,FRATL34f7e4fd-ea01-402e-95ed-1a92fedd4a39
FRALDE104532,FRATL5152fed1-8794-4df8-9bed-55deef54d319
FRATLE105172,FRATL30d42725-886e-4aaf-a2b6-4fa1d232bb4b
FRATLE102871,FRATL5152fed1-8794-4df8-9bed-55deef54d319
FRATLEHYC15022BZ0995A2,FRATL99d24794-f778-46e6-8171-555bab3a25c4
FRATLE105243,FRATL34f7e4fd-ea01-402e-95ed-1a92fedd4a39
FRATLE102532,FRATL5152fed1-8794-4df8-9bed-55deef54d319
FRATLE101581,FRATL5152fed1-8794-4df8-9bed-55deef54d319
FRATLE105201,FRATL34f7e4fd-ea01-402e-95ed-1a92fedd4a39
FRATLE004361,FRATLe06972d7-a9e5-45f3-b044-5a6c712110b2
FRATLE101351,FRATL34f7e4fd-ea01-402e-95ed-1a92fedd4a39
FRATLEHYC15022BZ0996A1,FRATL99d24794-f778-46e6-8171-555bab3a25c4
FRATLE003331,FRATL6fda9486-bb45-49e1-9b86-84b8f251a478
FRATLE004591,FRATL6fda9486-bb45-49e1-9b86-84b8f251a478
FRATLE002372,FRATL99d24794-f778-46e6-8171-555bab3a25c4
FRATLE100432,FRATL5152fed1-8794-4df8-9bed-55deef54d319
FRATLE111171,FRATL5152fed1-8794-4df8-9bed-55deef54d319
FRATLE103792,FRATL99d24794-f778-46e6-8171-555bab3a25c4
FRATLE105251,FRATL5152fed1-8794-4df8-9bed-55deef54d319
FRATLE104222,FRATL34f7e4fd-ea01-402e-95ed-1a92fedd4a39
FRATLE102042,FRATL5152fed1-8794-4df8-9bed-55deef54d319
FRATLE101701,FRATL34f7e4fd-ea01-402e-95ed-1a92fedd4a39
FRATLE105101,FRATL5152fed1-8794-4df8-9bed-55deef54d319
FRATLE103402,FRATL5152fed1-8794-4df8-9bed-55deef54d319
FRATLE100971,FRATL5152fed1-8794-4df8-9bed-55deef54d319
FRALDE100722,FRATL5152fed1-8794-4df8-9bed-55deef54d319
FRATLE101472,FRATL0d03b682-293f-4f8a-8444-35641b04c757
FRATLE102082,FRATL34f7e4fd-ea01-402e-95ed-1a92fedd4a39
FRATLE001082,FRATL5152fed1-8794-4df8-9bed-55deef54d319
FRATLE003281,FRATL6fda9486-bb45-49e1-9b86-84b8f251a478
FRATLE104332,FRATL34f7e4fd-ea01-402e-95ed-1a92fedd4a39
FRATLE104632,FRATL5152fed1-8794-4df8-9bed-55deef54d319
FRATLE101811,FRATL5152fed1-8794-4df8-9bed-55deef54d319
FRATLE105211,FRATL99d24794-f778-46e6-8171-555bab3a25c4
FRATLE102472,FRATL5152fed1-8794-4df8-9bed-55deef54d319
FRATLE104281,FRATL5152fed1-8794-4df8-9bed-55deef54d319
FRATLE100161,FRATL99d24794-f778-46e6-8171-555bab3a25c4
FRATLE104692,FRATL5152fed1-8794-4df8-9bed-55deef54d319
FRATLE101501,FRATL0d03b682-293f-4f8a-8444-35641b04c757
FRATLE101851,FRATL34f7e4fd-ea01-402e-95ed-1a92fedd4a39
FRATLE003442,FRATL5152fed1-8794-4df8-9bed-55deef54d319
FRATLE000702,FRATL99d24794-f778-46e6-8171-555bab3a25c4
FRATLE004011,FRATLe06972d7-a9e5-45f3-b044-5a6c712110b2
FRATLE101642,FRATL34f7e4fd-ea01-402e-95ed-1a92fedd4a39
FRATLE100272,FRATL5152fed1-8794-4df8-9bed-55deef54d319
FRATLE004161,FRATLe06972d7-a9e5-45f3-b044-5a6c712110b2
FRATLE100652,FRATL34f7e4fd-ea01-402e-95ed-1a92fedd4a39
FRATLE105573,FRATL34f7e4fd-ea01-402e-95ed-1a92fedd4a39
FRATLE102132,FRATL5152fed1-8794-4df8-9bed-55deef54d319
FRATLE107311,FRATL99d24794-f778-46e6-8171-555bab3a25c4
FRATLE101722,FRATL34f7e4fd-ea01-402e-95ed-1a92fedd4a39
FRATLE101502,FRATL0d03b682-293f-4f8a-8444-35641b04c757
FRATLE104871,FRATL99d24794-f778-46e6-8171-555bab3a25c4
FRATLE001011,FRATL99d24794-f778-46e6-8171-555bab3a25c4
FRATLE104211,FRATL5152fed1-8794-4df8-9bed-55deef54d319
FRATLE102542,FRATL5152fed1-8794-4df8-9bed-55deef54d319
FRATLE104032,FRATL99d24794-f778-46e6-8171-555bab3a25c4
FRATLEHYC15022BZ0995A1,FRATL99d24794-f778-46e6-8171-555bab3a25c4
FRATLE005012,FRATL99d24794-f778-46e6-8171-555bab3a25c4
FRATLE000571,FRATL99d24794-f778-46e6-8171-555bab3a25c4
FRATLE003361,FRATLe06972d7-a9e5-45f3-b044-5a6c712110b2
FRATLE103421,FRATL5152fed1-8794-4df8-9bed-55deef54d319
FRATLE104821,FRATL99d24794-f778-46e6-8171-555bab3a25c4
FRATLE101361,FRATL34f7e4fd-ea01-402e-95ed-1a92fedd4a39
FRATLE005591,FRATL99d24794-f778-46e6-8171-555bab3a25c4
FRATLE000103,FRATL34f7e4fd-ea01-402e-95ed-1a92fedd4a39
FRATLE101592,FRATL5152fed1-8794-4df8-9bed-55deef54d319
FRATLE100151,FRATL5152fed1-8794-4df8-9bed-55deef54d319
FRATLE004222,FRATL9ac77394-548d-470d-99d2-3866e481765c
FRATLE105342,FRATL5152fed1-8794-4df8-9bed-55deef54d319
FRATLE100022,FRATL5152fed1-8794-4df8-9bed-55deef54d319
FRATLE104321,FRATL34f7e4fd-ea01-402e-95ed-1a92fedd4a39
FRATLE110832,FRATL5152fed1-8794-4df8-9bed-55deef54d319
FRATLE104342,FRATL5152fed1-8794-4df8-9bed-55deef54d319
FRATLE104411,FRATL34f7e4fd-ea01-402e-95ed-1a92fedd4a39
FRATLE006261,FRATL99d24794-f778-46e6-8171-555bab3a25c4
FRATLE100332,FRATL5152fed1-8794-4df8-9bed-55deef54d319
FRATLE003381,FRATLe06972d7-a9e5-45f3-b044-5a6c712110b2
FRATLE100751,FRATL5152fed1-8794-4df8-9bed-55deef54d319
FRATLE101121,FRATL5152fed1-8794-4df8-9bed-55deef54d319
FRATLE000551,FRATL99d24794-f778-46e6-8171-555bab3a25c4
FRATLE101841,FRATL5152fed1-8794-4df8-9bed-55deef54d319
FRATLE001681,FRATL99d24794-f778-46e6-8171-555bab3a25c4
FRATLE104691,FRATL5152fed1-8794-4df8-9bed-55deef54d319
FRATLE111041,FRATL5152fed1-8794-4df8-9bed-55deef54d319
FRATLE101521,FRATL0d03b682-293f-4f8a-8444-35641b04c757
FRATLE105141,FRATL30d42725-886e-4aaf-a2b6-4fa1d232bb4b
FRATLE104841,FRATL99d24794-f778-46e6-8171-555bab3a25c4
FRATLE105061,FRATL5152fed1-8794-4df8-9bed-55deef54d319
FRATLE100881,FRATL34f7e4fd-ea01-402e-95ed-1a92fedd4a39
FRATLE100612,FRATL5152fed1-8794-4df8-9bed-55deef54d319
FRATLE104772,FRATL34f7e4fd-ea01-402e-95ed-1a92fedd4a39
FRATLE103291,FRATL5152fed1-8794-4df8-9bed-55deef54d319
FRATLE104981,FRATL5152fed1-8794-4df8-9bed-55deef54d319
FRATLE102172,FRATL5152fed1-8794-4df8-9bed-55deef54d319
FRATLE004681,FRATLe06972d7-a9e5-45f3-b044-5a6c712110b2
FRATLE100991,FRATL5152fed1-8794-4df8-9bed-55deef54d319
FRATLE104062,FRATL5152fed1-8794-4df8-9bed-55deef54d319
FRATLE104071,FRATL5152fed1-8794-4df8-9bed-55deef54d319
FRATLE104592,FRATL34f7e4fd-ea01-402e-95ed-1a92fedd4a39
FRATLE004581,FRATLe06972d7-a9e5-45f3-b044-5a6c712110b2
FRATLE002202,FRATL99d24794-f778-46e6-8171-555bab3a25c4
FRATLE100402,FRATL5152fed1-8794-4df8-9bed-55deef54d319
FRATLE103551,FRATL0d03b682-293f-4f8a-8444-35641b04c757
FRATLE103881,FRATL5152fed1-8794-4df8-9bed-55deef54d319
FRATLE002201,FRATL99d24794-f778-46e6-8171-555bab3a25c4
FRATLE005903,FRATL34f7e4fd-ea01-402e-95ed-1a92fedd4a39
FRATLE103991,FRATL99d24794-f778-46e6-8171-555bab3a25c4
FRATLE001101,FRATL5152fed1-8794-4df8-9bed-55deef54d319
FRATLE100892,FRATL34f7e4fd-ea01-402e-95ed-1a92fedd4a39
FRATLE101432,FRATL0d03b682-293f-4f8a-8444-35641b04c757
FRATLE102561,FRATL5152fed1-8794-4df8-9bed-55deef54d319
FRATLE000701,FRATL99d24794-f778-46e6-8171-555bab3a25c4
FRATLE004474,FRATL7263d104-13cf-4838-9a5a-2974f967fb7a
FRATLE105392,FRATL99d24794-f778-46e6-8171-555bab3a25c4
FRATLE003371,FRATLe06972d7-a9e5-45f3-b044-5a6c712110b2
FRATLE005991,FRATL99d24794-f778-46e6-8171-555bab3a25c4
FRATLE102512,FRATL5152fed1-8794-4df8-9bed-55deef54d319
FRATLE100261,FRATL5152fed1-8794-4df8-9bed-55deef54d319
FRATLE000733,FRATL34f7e4fd-ea01-402e-95ed-1a92fedd4a39
FRATLE101421,FRATL5152fed1-8794-4df8-9bed-55deef54d319
FRATLE003602,FRATL99d24794-f778-46e6-8171-555bab3a25c4
FRATLE104293,FRATL34f7e4fd-ea01-402e-95ed-1a92fedd4a39
FRATLE004201,FRATLe06972d7-a9e5-45f3-b044-5a6c712110b2
FRATLE101812,FRATL5152fed1-8794-4df8-9bed-55deef54d319
FRATLE000911,FRATL99d24794-f778-46e6-8171-555bab3a25c4
FRATLE001132,FRATL99d24794-f778-46e6-8171-555bab3a25c4
FRATLE100641,FRATL5152fed1-8794-4df8-9bed-55deef54d319
FRALDE100711,FRATL5152fed1-8794-4df8-9bed-55deef54d319
FRATLE103831,FRATL5152fed1-8794-4df8-9bed-55deef54d319
FRATLE111042,FRATL5152fed1-8794-4df8-9bed-55deef54d319
FRATLE006211,FRATL99d24794-f778-46e6-8171-555bab3a25c4
FRATLE100411,FRATL5152fed1-8794-4df8-9bed-55deef54d319
FRATLE003321,FRATLe06972d7-a9e5-45f3-b044-5a6c712110b2
FRATLE004002,FRATL9ac77394-548d-470d-99d2-3866e481765c
FRATLE102502,FRATL5152fed1-8794-4df8-9bed-55deef54d319
FRATLE101522,FRATL0d03b682-293f-4f8a-8444-35641b04c757
FRATLE000603,FRATL34f7e4fd-ea01-402e-95ed-1a92fedd4a39
FRATLE100122,FRATL5152fed1-8794-4df8-9bed-55deef54d319
FRATLE100271,FRATL5152fed1-8794-4df8-9bed-55deef54d319
FRATLE104722,FRATL30d42725-886e-4aaf-a2b6-4fa1d232bb4b
FRATLE101321,FRATL5152fed1-8794-4df8-9bed-55deef54d319
FRATLE104512,FRATL5152fed1-8794-4df8-9bed-55deef54d319
FRATLE104792,FRATL99d24794-f778-46e6-8171-555bab3a25c4
FRATLEHYC15022BZ0990A1,FRATL99d24794-f778-46e6-8171-555bab3a25c4
FRATLE004081,FRATLe06972d7-a9e5-45f3-b044-5a6c712110b2
FRATLE000342,FRATL5152fed1-8794-4df8-9bed-55deef54d319
FRATLE111172,FRATL5152fed1-8794-4df8-9bed-55deef54d319
FRATLE103852,FRATL5152fed1-8794-4df8-9bed-55deef54d319
FRATLE006082,FRATL34f7e4fd-ea01-402e-95ed-1a92fedd4a39
FRATLE104912,FRATL99d24794-f778-46e6-8171-555bab3a25c4
FRATLE104702,FRATL5152fed1-8794-4df8-9bed-55deef54d319
FRATLE104851,FRATL99d24794-f778-46e6-8171-555bab3a25c4
FRATLE104963,FRATL34f7e4fd-ea01-402e-95ed-1a92fedd4a39
FRATLE002222,FRATL99d24794-f778-46e6-8171-555bab3a25c4
FRATLE105042,FRATL5152fed1-8794-4df8-9bed-55deef54d319
FRATLE100511,FRATL5152fed1-8794-4df8-9bed-55deef54d319
FRATLE000572,FRATL99d24794-f778-46e6-8171-555bab3a25c4
FRATLE100391,FRATL5152fed1-8794-4df8-9bed-55deef54d319
FRATLE000253,FRATL34f7e4fd-ea01-402e-95ed-1a92fedd4a39
FRATLE101481,FRATL0d03b682-293f-4f8a-8444-35641b04c757
FRATLE004181,FRATLe06972d7-a9e5-45f3-b044-5a6c712110b2
FRATLE103641,FRATL0d03b682-293f-4f8a-8444-35641b04c757
FRATLE101281,FRATL5152fed1-8794-4df8-9bed-55deef54d319
FRATLE105591,FRATL5152fed1-8794-4df8-9bed-55deef54d319
FRATLE100742,FRATL5152fed1-8794-4df8-9bed-55deef54d319
FRATLE101431,FRATL0d03b682-293f-4f8a-8444-35641b04c757
FRATLE103801,FRATL99d24794-f778-46e6-8171-555bab3a25c4
FRATLE003391,FRATLe06972d7-a9e5-45f3-b044-5a6c712110b2
FRATLE104781,FRATL99d24794-f778-46e6-8171-555bab3a25c4
FRATLE100311,FRATL5152fed1-8794-4df8-9bed-55deef54d319
FRATLE104331,FRATL34f7e4fd-ea01-402e-95ed-1a92fedd4a39
FRATLE103982,FRATL99d24794-f778-46e6-8171-555bab3a25c4
FRATLE104511,FRATL5152fed1-8794-4df8-9bed-55deef54d319
FRATLE103511,FRATL34f7e4fd-ea01-402e-95ed-1a92fedd4a39
FRATLE105223,FRATL5152fed1-8794-4df8-9bed-55deef54d319
FRATLE102521,FRATL5152fed1-8794-4df8-9bed-55deef54d319
FRATLE103262,FRATL5152fed1-8794-4df8-9bed-55deef54d319
FRATLE002122,FRATL99d24794-f778-46e6-8171-555bab3a25c4
FRATLE004442,FRATL9ac77394-548d-470d-99d2-3866e481765c
FRATLE004661,FRATLe06972d7-a9e5-45f3-b044-5a6c712110b2
FRATLE102061,FRATL5152fed1-8794-4df8-9bed-55deef54d319
FRATLE000562,FRATL99d24794-f778-46e6-8171-555bab3a25c4
FRALDE100702,FRATL5152fed1-8794-4df8-9bed-55deef54d319
FRATLE104853,FRATL34f7e4fd-ea01-402e-95ed-1a92fedd4a39
FRATLE104952,FRATL5152fed1-8794-4df8-9bed-55deef54d319
FRATLE105542,FRATL99d24794-f778-46e6-8171-555bab3a25c4
FRATLE100021,FRATL5152fed1-8794-4df8-9bed-55deef54d319
FRATLE100861,FRATL34f7e4fd-ea01-402e-95ed-1a92fedd4a39
FRATLE000612,FRATL99d24794-f778-46e6-8171-555bab3a25c4
FRATLE006372,FRATL99d24794-f778-46e6-8171-555bab3a25c4
FRATLE004444,FRATL7263d104-13cf-4838-9a5a-2974f967fb7a
FRALDE100701,FRATL5152fed1-8794-4df8-9bed-55deef54d319
FRATLE004501,FRATLe06972d7-a9e5-45f3-b044-5a6c712110b2
FRATLE101712,FRATL34f7e4fd-ea01-402e-95ed-1a92fedd4a39
FRATLE104522,FRATL5152fed1-8794-4df8-9bed-55deef54d319
FRATLE111191,FRATL5152fed1-8794-4df8-9bed-55deef54d319
FRATLE104151,FRATL99d24794-f778-46e6-8171-555bab3a25c4
FRATLE104372,FRATL5152fed1-8794-4df8-9bed-55deef54d319
FRATLE003461,FRATL99d24794-f778-46e6-8171-555bab3a25c4
FRATLE100382,FRATL34f7e4fd-ea01-402e-95ed-1a92fedd4a39
FRATLE006322,FRATL99d24794-f778-46e6-8171-555bab3a25c4
FRATLE004481,FRATL6fda9486-bb45-49e1-9b86-84b8f251a478
FRATLE002062,FRATL5152fed1-8794-4df8-9bed-55deef54d319
FRATLEHYC15022BZ0974A2,FRATL99d24794-f778-46e6-8171-555bab3a25c4
FRATLE002132,FRATL34f7e4fd-ea01-402e-95ed-1a92fedd4a39
FRATLE101832,FRATL5152fed1-8794-4df8-9bed-55deef54d319
FRATLE101261,FRATL5152fed1-8794-4df8-9bed-55deef54d319
FRATLE006071,FRATL99d24794-f778-46e6-8171-555bab3a25c4
FRATLE003341,FRATL6fda9486-bb45-49e1-9b86-84b8f251a478
FRATLE002141,FRATL99d24794-f778-46e6-8171-555bab3a25c4
FRATLE100211,FRATL99d24794-f778-46e6-8171-555bab3a25c4
FRATLE000642,FRATL99d24794-f778-46e6-8171-555bab3a25c4
FRATLE100212,FRATL99d24794-f778-46e6-8171-555bab3a25c4
FRATLE101611,FRATL5152fed1-8794-4df8-9bed-55deef54d319
FRATLE100201,FRATL99d24794-f778-46e6-8171-555bab3a25c4
FRATLE005892,FRATL5152fed1-8794-4df8-9bed-55deef54d319
FRATLE111182,FRATL5152fed1-8794-4df8-9bed-55deef54d319
FRATLE105091,FRATL5152fed1-8794-4df8-9bed-55deef54d319
FRATLE101332,FRATL5152fed1-8794-4df8-9bed-55deef54d319
FRATLE100592,FRATL5152fed1-8794-4df8-9bed-55deef54d319
FRATLE102471,FRATL5152fed1-8794-4df8-9bed-55deef54d319
FRATLE005612,FRATL99d24794-f778-46e6-8171-555bab3a25c4
FRATLEHYC15022BZ0974A3,FRATL34f7e4fd-ea01-402e-95ed-1a92fedd4a39
FRATLE005021,FRATL99d24794-f778-46e6-8171-555bab3a25c4
FRATLE002121,FRATL99d24794-f778-46e6-8171-555bab3a25c4
FRATLE105171,FRATL30d42725-886e-4aaf-a2b6-4fa1d232bb4b
FRATLE004311,FRATLe06972d7-a9e5-45f3-b044-5a6c712110b2
FRATLE000341,FRATL5152fed1-8794-4df8-9bed-55deef54d319
FRATLE103661,FRATL0d03b682-293f-4f8a-8444-35641b04c757
FRATLE001072,FRATL5152fed1-8794-4df8-9bed-55deef54d319
FRATLE004234,FRATL7263d104-13cf-4838-9a5a-2974f967fb7a
FRATLE000771,FRATL99d24794-f778-46e6-8171-555bab3a25c4
FRATLE102071,FRATL5152fed1-8794-4df8-9bed-55deef54d319
FRATLE105563,FRATL34f7e4fd-ea01-402e-95ed-1a92fedd4a39
FRATLE100041,FRATL99d24794-f778-46e6-8171-555bab3a25c4
FRATLE002421,FRATL5152fed1-8794-4df8-9bed-55deef54d319
FRATLE105261,FRATL5152fed1-8794-4df8-9bed-55deef54d319
FRATLE105571,FRATL99d24794-f778-46e6-8171-555bab3a25c4
FRATLE103733,FRATL34f7e4fd-ea01-402e-95ed-1a92fedd4a39
FRATLE101742,FRATL34f7e4fd-ea01-402e-95ed-1a92fedd4a39
FRATLE001112,FRATL34f7e4fd-ea01-402e-95ed-1a92fedd4a39
FRATLEHYC15022BZ0976A1,FRATL99d24794-f778-46e6-8171-555bab3a25c4
FRALDE100542,FRATL5152fed1-8794-4df8-9bed-55deef54d319
FRATLE101972,FRATL0d03b682-293f-4f8a-8444-35641b04c757
FRATLE103832,FRATL5152fed1-8794-4df8-9bed-55deef54d319
FRATLE100591,FRATL5152fed1-8794-4df8-9bed-55deef54d319
FRATLE006033,FRATL34f7e4fd-ea01-402e-95ed-1a92fedd4a39
FRATLE104782,FRATL99d24794-f778-46e6-8171-555bab3a25c4
FRATLE104641,FRATL5152fed1-8794-4df8-9bed-55deef54d319
FRATLE103871,FRATL5152fed1-8794-4df8-9bed-55deef54d319
FRATLE000063,FRATL34f7e4fd-ea01-402e-95ed-1a92fedd4a39
FRATLE105462,FRATL99d24794-f778-46e6-8171-555bab3a25c4
FRATLE100622,FRATL5152fed1-8794-4df8-9bed-55deef54d319
FRATLE002282,FRATL99d24794-f778-46e6-8171-555bab3a25c4
FRATLE105362,FRATL99d24794-f778-46e6-8171-555bab3a25c4
FRATLE104142,FRATL99d24794-f778-46e6-8171-555bab3a25c4
FRATLE101612,FRATL5152fed1-8794-4df8-9bed-55deef54d319
FRATLE003641,FRATL5152fed1-8794-4df8-9bed-55deef54d319
FRATLE001722,FRATL34f7e4fd-ea01-402e-95ed-1a92fedd4a39
FRATLE005941,FRATL5152fed1-8794-4df8-9bed-55deef54d319
FRATLE105262,FRATL5152fed1-8794-4df8-9bed-55deef54d319
FRATLE100442,FRATL5152fed1-8794-4df8-9bed-55deef54d319
FRATLE104351,FRATL5152fed1-8794-4df8-9bed-55deef54d319
FRATLE001003,FRATL34f7e4fd-ea01-402e-95ed-1a92fedd4a39
FRATLE003623,FRATL34f7e4fd-ea01-402e-95ed-1a92fedd4a39
FRATLE110931,FRATL0d03b682-293f-4f8a-8444-35641b04c757
FRATLE103532,FRATL0d03b682-293f-4f8a-8444-35641b04c757
FRATLE000463,FRATL34f7e4fd-ea01-402e-95ed-1a92fedd4a39
FRATLE104791,FRATL99d24794-f778-46e6-8171-555bab3a25c4
FRATLE111051,FRATL5152fed1-8794-4df8-9bed-55deef54d319
FRATLE000361,FRATL99d24794-f778-46e6-8171-555bab3a25c4
FRALDE100562,FRATL5152fed1-8794-4df8-9bed-55deef54d319
FRATLE000411,FRATL99d24794-f778-46e6-8171-555bab3a25c4
FRATLE101262,FRATL5152fed1-8794-4df8-9bed-55deef54d319
FRATLE105552,FRATL99d24794-f778-46e6-8171-555bab3a25c4
FRATLE005992,FRATL99d24794-f778-46e6-8171-555bab3a25c4
FRATLE005362,FRATL99d24794-f778-46e6-8171-555bab3a25c4
FRATLE100841,FRATL5152fed1-8794-4df8-9bed-55deef54d319
FRATLE102072,FRATL5152fed1-8794-4df8-9bed-55deef54d319
FRATLE105572,FRATL99d24794-f778-46e6-8171-555bab3a25c4
FRATLE004031,FRATLe06972d7-a9e5-45f3-b044-5a6c712110b2
FRATLE103161,FRATL5152fed1-8794-4df8-9bed-55deef54d319
FRATLE111192,FRATL5152fed1-8794-4df8-9bed-55deef54d319
FRATLE001102,FRATL5152fed1-8794-4df8-9bed-55deef54d319
FRATLE001071,FRATL5152fed1-8794-4df8-9bed-55deef54d319
FRATLE001111,FRATL34f7e4fd-ea01-402e-95ed-1a92fedd4a39
FRATLE104712,FRATL30d42725-886e-4aaf-a2b6-4fa1d232bb4b
FRATLE104661,FRATL99d24794-f778-46e6-8171-555bab3a25c4
FRATLE006012,FRATL5152fed1-8794-4df8-9bed-55deef54d319
FRATLE100172,FRATL5152fed1-8794-4df8-9bed-55deef54d319
FRATLE100941,FRATL34f7e4fd-ea01-402e-95ed-1a92fedd4a39
FRATLE101511,FRATL0d03b682-293f-4f8a-8444-35641b04c757
FRATLE105402,FRATL99d24794-f778-46e6-8171-555bab3a25c4
FRATLE004982,FRATL99d24794-f778-46e6-8171-555bab3a25c4
FRATLE105541,FRATL99d24794-f778-46e6-8171-555bab3a25c4
FRATLE104221,FRATL34f7e4fd-ea01-402e-95ed-1a92fedd4a39
FRATLE104301,FRATL5152fed1-8794-4df8-9bed-55deef54d319
FRATLE003671,FRATL99d24794-f778-46e6-8171-555bab3a25c4
FRATLE000432,FRATL5152fed1-8794-4df8-9bed-55deef54d319
FRATLE002312,FRATL99d24794-f778-46e6-8171-555bab3a25c4
FRATLE101161,FRATL5152fed1-8794-4df8-9bed-55deef54d319
FRATLEHYC15022BZ0992A1,FRATL99d24794-f778-46e6-8171-555bab3a25c4
FRATLE100301,FRATL5152fed1-8794-4df8-9bed-55deef54d319
FRATLE104162,FRATL34f7e4fd-ea01-402e-95ed-1a92fedd4a39
FRATLE104082,FRATL5152fed1-8794-4df8-9bed-55deef54d319
FRATLE005381,FRATL99d24794-f778-46e6-8171-555bab3a25c4
FRATLE104762,FRATL30d42725-886e-4aaf-a2b6-4fa1d232bb4b
FRATLE103152,FRATL5152fed1-8794-4df8-9bed-55deef54d319
FRATLE100192,FRATL99d24794-f778-46e6-8171-555bab3a25c4
FRATLE004251,FRATLe06972d7-a9e5-45f3-b044-5a6c712110b2
FRATLE002241,FRATL99d24794-f778-46e6-8171-555bab3a25c4
FRATLE100651,FRATL34f7e4fd-ea01-402e-95ed-1a92fedd4a39
FRATLE102161,FRATL34f7e4fd-ea01-402e-95ed-1a92fedd4a39
FRATLE006202,FRATL99d24794-f778-46e6-8171-555bab3a25c4
FRATLE101961,FRATL0d03b682-293f-4f8a-8444-35641b04c757
FRATLE101301,FRATL5152fed1-8794-4df8-9bed-55deef54d319
FRATLE103121,FRATL5152fed1-8794-4df8-9bed-55deef54d319
FRATLE000861,FRATL34f7e4fd-ea01-402e-95ed-1a92fedd4a39
FRATLE102442,FRATL5152fed1-8794-4df8-9bed-55deef54d319
FRATLE104052,FRATL34f7e4fd-ea01-402e-95ed-1a92fedd4a39
FRATLE005621,FRATL99d24794-f778-46e6-8171-555bab3a25c4
FRATLE101371,FRATL34f7e4fd-ea01-402e-95ed-1a92fedd4a39
FRATLE104381,FRATL34f7e4fd-ea01-402e-95ed-1a92fedd4a39
FRATLE107321,FRATL99d24794-f778-46e6-8171-555bab3a25c4
FRATLE104133,FRATL34f7e4fd-ea01-402e-95ed-1a92fedd4a39
FRATLE001002,FRATL99d24794-f778-46e6-8171-555bab3a25c4
FRATLE104121,FRATL99d24794-f778-46e6-8171-555bab3a25c4
FRATLE005032,FRATL99d24794-f778-46e6-8171-555bab3a25c4
FRATLE101822,FRATL5152fed1-8794-4df8-9bed-55deef54d319
FRATLEHYC15022BZ0982A1,FRATL99d24794-f778-46e6-8171-555bab3a25c4
FRATLE102091,FRATL34f7e4fd-ea01-402e-95ed-1a92fedd4a39
FRATLE100401,FRATL5152fed1-8794-4df8-9bed-55deef54d319
FRATLE100512,FRATL5152fed1-8794-4df8-9bed-55deef54d319
FRATLE001042,FRATL99d24794-f778-46e6-8171-555bab3a25c4
FRATLEHYC15022BZ0986A2,FRATL99d24794-f778-46e6-8171-555bab3a25c4
FRATLE101381,FRATL5152fed1-8794-4df8-9bed-55deef54d319
FRATLEHYC15022BZ0975A1,FRATL99d24794-f778-46e6-8171-555bab3a25c4
FRATLE100642,FRATL5152fed1-8794-4df8-9bed-55deef54d319
FRATLE100601,FRATL5152fed1-8794-4df8-9bed-55deef54d319
FRATLE103862,FRATL5152fed1-8794-4df8-9bed-55deef54d319
FRATLE100331,FRATL5152fed1-8794-4df8-9bed-55deef54d319
FRATLE100921,FRATL34f7e4fd-ea01-402e-95ed-1a92fedd4a39
FRATLE105382,FRATL99d24794-f778-46e6-8171-555bab3a25c4
FRATLE002392,FRATL99d24794-f778-46e6-8171-555bab3a25c4
FRATLE005722,FRATL99d24794-f778-46e6-8171-555bab3a25c4
FRATLE002362,FRATL99d24794-f778-46e6-8171-555bab3a25c4
FRATLE004331,FRATLe06972d7-a9e5-45f3-b044-5a6c712110b2
FRATLE104771,FRATL34f7e4fd-ea01-402e-95ed-1a92fedd4a39
FRATLE100371,FRATL34f7e4fd-ea01-402e-95ed-1a92fedd4a39
FRATLE100802,FRATL5152fed1-8794-4df8-9bed-55deef54d319
FRATLE105411,FRATL99d24794-f778-46e6-8171-555bab3a25c4
FRATLE100292,FRATL99d24794-f778-46e6-8171-555bab3a25c4
FRATLE000742,FRATL99d24794-f778-46e6-8171-555bab3a25c4
FRATLE103411,FRATL5152fed1-8794-4df8-9bed-55deef54d319
FRATLE002341,FRATL99d24794-f778-46e6-8171-555bab3a25c4
FRATLE101551,FRATL5152fed1-8794-4df8-9bed-55deef54d319
FRATLE101512,FRATL0d03b682-293f-4f8a-8444-35641b04c757
FRATLE103001,FRATL5152fed1-8794-4df8-9bed-55deef54d319
FRATLE104391,FRATL34f7e4fd-ea01-402e-95ed-1a92fedd4a39
FRATLE100522,FRATL5152fed1-8794-4df8-9bed-55deef54d319
FRATLE100502,FRATL5152fed1-8794-4df8-9bed-55deef54d319
FRATLE000421,FRATL99d24794-f778-46e6-8171-555bab3a25c4
FRATLE105181,FRATL34f7e4fd-ea01-402e-95ed-1a92fedd4a39
FRALDE100721,FRATL5152fed1-8794-4df8-9bed-55deef54d319
FRATLE103842,FRATL5152fed1-8794-4df8-9bed-55deef54d319
FRATLE102122,FRATL5152fed1-8794-4df8-9bed-55deef54d319
FRATLE110912,FRATL0d03b682-293f-4f8a-8444-35641b04c757
FRATLE003683,FRATL34f7e4fd-ea01-402e-95ed-1a92fedd4a39
FRATLE105263,FRATL34f7e4fd-ea01-402e-95ed-1a92fedd4a39
FRATLE104872,FRATL99d24794-f778-46e6-8171-555bab3a25c4
FRATLE002041,FRATL5152fed1-8794-4df8-9bed-55deef54d319
FRATLE111141,FRATL0d03b682-293f-4f8a-8444-35641b04c757
FRATLE104892,FRATL30d42725-886e-4aaf-a2b6-4fa1d232bb4b
FRATLE101492,FRATL0d03b682-293f-4f8a-8444-35641b04c757
FRATLE100901,FRATL34f7e4fd-ea01-402e-95ed-1a92fedd4a39
FRATLE104292,FRATL5152fed1-8794-4df8-9bed-55deef54d319
FRATLE104152,FRATL99d24794-f778-46e6-8171-555bab3a25c4
FRATLE104982,FRATL5152fed1-8794-4df8-9bed-55deef54d319
FRATLE103561,FRATL0d03b682-293f-4f8a-8444-35641b04c757
FRATLE003891,FRATL6fda9486-bb45-49e1-9b86-84b8f251a478
FRATLE001751,FRATL34f7e4fd-ea01-402e-95ed-1a92fedd4a39
FRATLE002251,FRATL34f7e4fd-ea01-402e-95ed-1a92fedd4a39
FRATLE102202,FRATL5152fed1-8794-4df8-9bed-55deef54d319
FRATLE101331,FRATL5152fed1-8794-4df8-9bed-55deef54d319
FRATLE002151,FRATL34f7e4fd-ea01-402e-95ed-1a92fedd4a39
FRATLE103531,FRATL0d03b682-293f-4f8a-8444-35641b04c757
FRATLE005952,FRATL5152fed1-8794-4df8-9bed-55deef54d319
FRATLE104192,FRATL30d42725-886e-4aaf-a2b6-4fa1d232bb4b
FRATLE104382,FRATL34f7e4fd-ea01-402e-95ed-1a92fedd4a39
FRATLE103002,FRATL5152fed1-8794-4df8-9bed-55deef54d319
FRATLE105131,FRATL99d24794-f778-46e6-8171-555bab3a25c4
FRATLEHYC15022BZ3253A1,FRATL99d24794-f778-46e6-8171-555bab3a25c4
FRATLE101142,FRATL5152fed1-8794-4df8-9bed-55deef54d319
FRATLE100031,FRATL99d24794-f778-46e6-8171-555bab3a25c4
FRATLE102462,FRATL5152fed1-8794-4df8-9bed-55deef54d319
FRATLE105233,FRATL34f7e4fd-ea01-402e-95ed-1a92fedd4a39
FRATLE001031,FRATL99d24794-f778-46e6-8171-555bab3a25c4
FRATLE104721,FRATL30d42725-886e-4aaf-a2b6-4fa1d232bb4b
FRATLE100042,FRATL99d24794-f778-46e6-8171-555bab3a25c4
FRATLE104902,FRATL99d24794-f778-46e6-8171-555bab3a25c4
FRATLE000661,FRATL99d24794-f778-46e6-8171-555bab3a25c4
FRATLE002101,FRATL99d24794-f778-46e6-8171-555bab3a25c4
FRATLE101662,FRATL34f7e4fd-ea01-402e-95ed-1a92fedd4a39
FRATLE004271,FRATLe06972d7-a9e5-45f3-b044-5a6c712110b2
FRATLE005611,FRATL99d24794-f778-46e6-8171-555bab3a25c4
FRATLE103141,FRATL5152fed1-8794-4df8-9bed-55deef54d319
FRATLE100392,FRATL5152fed1-8794-4df8-9bed-55deef54d319
FRATLE104651,FRATL99d24794-f778-46e6-8171-555bab3a25c4
FRATLE102872,FRATL5152fed1-8794-4df8-9bed-55deef54d319
FRATLE102081,FRATL34f7e4fd-ea01-402e-95ed-1a92fedd4a39
FRATLE103992,FRATL99d24794-f778-46e6-8171-555bab3a25c4
FRATLE004212,FRATL9ac77394-548d-470d-99d2-3866e481765c
FRATLE004261,FRATLe06972d7-a9e5-45f3-b044-5a6c712110b2
FRATLE104612,FRATL5152fed1-8794-4df8-9bed-55deef54d319
FRATLE004131,FRATLe06972d7-a9e5-45f3-b044-5a6c712110b2
FRATLE105581,FRATL99d24794-f778-46e6-8171-555bab3a25c4
FRATLE101401,FRATL5152fed1-8794-4df8-9bed-55deef54d319
FRATLE104262,FRATL99d24794-f778-46e6-8171-555bab3a25c4
FRATLE004452,FRATL9ac77394-548d-470d-99d2-3866e481765c
FRATLE005982,FRATL99d24794-f778-46e6-8171-555bab3a25c4
FRATLE002412,FRATL5152fed1-8794-4df8-9bed-55deef54d319
FRATLE002211,FRATL5152fed1-8794-4df8-9bed-55deef54d319
FRATLE006271,FRATL99d24794-f778-46e6-8171-555bab3a25c4
FRATLE001742,FRATL99d24794-f778-46e6-8171-555bab3a25c4
FRATLE104951,FRATL5152fed1-8794-4df8-9bed-55deef54d319
FRATLE002051,FRATL5152fed1-8794-4df8-9bed-55deef54d319
FRATLE101272,FRATL5152fed1-8794-4df8-9bed-55deef54d319
FRATLE104861,FRATL99d24794-f778-46e6-8171-555bab3a25c4
FRATLE001721,FRATL34f7e4fd-ea01-402e-95ed-1a92fedd4a39
FRATLE005592,FRATL99d24794-f778-46e6-8171-555bab3a25c4
FRATLE104212,FRATL5152fed1-8794-4df8-9bed-55deef54d319
FRATLE001131,FRATL99d24794-f778-46e6-8171-555bab3a25c4
FRATLE103131,FRATL5152fed1-8794-4df8-9bed-55deef54d319
FRATLE006002,FRATL5152fed1-8794-4df8-9bed-55deef54d319
FRATLE103122,FRATL5152fed1-8794-4df8-9bed-55deef54d319
FRATLE005712,FRATL34f7e4fd-ea01-402e-95ed-1a92fedd4a39
FRATLE103582,FRATL0d03b682-293f-4f8a-8444-35641b04c757
FRATLE004541,FRATLe06972d7-a9e5-45f3-b044-5a6c712110b2
FRATLE105062,FRATL5152fed1-8794-4df8-9bed-55deef54d319
FRATLE104891,FRATL30d42725-886e-4aaf-a2b6-4fa1d232bb4b
FRATLE105221,FRATL5152fed1-8794-4df8-9bed-55deef54d319
FRATLE001091,FRATL5152fed1-8794-4df8-9bed-55deef54d319
FRATLE100872,FRATL34f7e4fd-ea01-402e-95ed-1a92fedd4a39
FRATLE101292,FRATL5152fed1-8794-4df8-9bed-55deef54d319
FRATLE004001,FRATL6fda9486-bb45-49e1-9b86-84b8f251a478
FRATLE005921,FRATL5152fed1-8794-4df8-9bed-55deef54d319
FRATLE100661,FRATL34f7e4fd-ea01-402e-95ed-1a92fedd4a39
FRATLE101951,FRATL0d03b682-293f-4f8a-8444-35641b04c757
FRATLE103802,FRATL99d24794-f778-46e6-8171-555bab3a25c4
FRATLE001692,FRATL34f7e4fd-ea01-402e-95ed-1a92fedd4a39
FRATLE104412,FRATL34f7e4fd-ea01-402e-95ed-1a92fedd4a39
FRATLE006061,FRATL99d24794-f778-46e6-8171-555bab3a25c4
FRATLE102982,FRATL5152fed1-8794-4df8-9bed-55deef54d319
FRATLE000131,FRATL99d24794-f778-46e6-8171-555bab3a25c4
FRATLE005602,FRATL34f7e4fd-ea01-402e-95ed-1a92fedd4a39
FRATLEHYC15022BZ0978A2,FRATL99d24794-f778-46e6-8171-555bab3a25c4
FRATLE107242,FRATL5152fed1-8794-4df8-9bed-55deef54d319
FRATLE101482,FRATL0d03b682-293f-4f8a-8444-35641b04c757
FRATLE003311,FRATLe06972d7-a9e5-45f3-b044-5a6c712110b2
FRATLE000952,FRATL99d24794-f778-46e6-8171-555bab3a25c4
FRATLE105561,FRATL99d24794-f778-46e6-8171-555bab3a25c4
FRATLE102531,FRATL5152fed1-8794-4df8-9bed-55deef54d319
FRATLE102111,FRATL5152fed1-8794-4df8-9bed-55deef54d319
FRATLE006321,FRATL99d24794-f778-46e6-8171-555bab3a25c4
FRATLE004991,FRATL99d24794-f778-46e6-8171-555bab3a25c4
FRATLE105452,FRATL99d24794-f778-46e6-8171-555bab3a25c4
FRATLEHYC15022BZ0979A2,FRATL99d24794-f778-46e6-8171-555bab3a25c4
FRATLE104172,FRATL99d24794-f778-46e6-8171-555bab3a25c4
FRATLE105582,FRATL99d24794-f778-46e6-8171-555bab3a25c4
FRATLE005881,FRATL5152fed1-8794-4df8-9bed-55deef54d319
FRATLE002311,FRATL99d24794-f778-46e6-8171-555bab3a25c4
FRATLE100572,FRATL5152fed1-8794-4df8-9bed-55deef54d319
FRATLE104682,FRATL5152fed1-8794-4df8-9bed-55deef54d319
FRATLE105151,FRATL30d42725-886e-4aaf-a2b6-4fa1d232bb4b
FRATLE103542,FRATL0d03b682-293f-4f8a-8444-35641b04c757
FRATLE101571,FRATL5152fed1-8794-4df8-9bed-55deef54d319
FRATLE100221,FRATL5152fed1-8794-4df8-9bed-55deef54d319
FRATLE105371,FRATL99d24794-f778-46e6-8171-555bab3a25c4
FRATLE004521,FRATL6fda9486-bb45-49e1-9b86-84b8f251a478
FRATLE004421,FRATLe06972d7-a9e5-45f3-b044-5a6c712110b2
FRATLE002281,FRATL99d24794-f778-46e6-8171-555bab3a25c4
FRATLE001142,FRATL99d24794-f778-46e6-8171-555bab3a25c4
FRATLE001732,FRATL99d24794-f778-46e6-8171-555bab3a25c4
FRATLE100891,FRATL34f7e4fd-ea01-402e-95ed-1a92fedd4a39
FRATLE101451,FRATL0d03b682-293f-4f8a-8444-35641b04c757
FRATLEHYC15022BZ0917A2,FRATL99d24794-f778-46e6-8171-555bab3a25c4
FRATLEHYC15022BZ3254A1,FRATL99d24794-f778-46e6-8171-555bab3a25c4
FRATLE100631,FRATL5152fed1-8794-4df8-9bed-55deef54d319
FRATLE101042,FRATL5152fed1-8794-4df8-9bed-55deef54d319
FRATLE004341,FRATLe06972d7-a9e5-45f3-b044-5a6c712110b2
FRATLE103572,FRATL0d03b682-293f-4f8a-8444-35641b04c757
FRATLE100213,FRATL34f7e4fd-ea01-402e-95ed-1a92fedd4a39
FRATLEHYC15022BZ0981A1,FRATL99d24794-f778-46e6-8171-555bab3a25c4
FRATLE100762,FRATL5152fed1-8794-4df8-9bed-55deef54d319
FRATLE110831,FRATL5152fed1-8794-4df8-9bed-55deef54d319
FRATLE100671,FRATL5152fed1-8794-4df8-9bed-55deef54d319
FRATLE003583,FRATL34f7e4fd-ea01-402e-95ed-1a92fedd4a39
FRATLE100621,FRATL5152fed1-8794-4df8-9bed-55deef54d319
FRATLE102191,FRATL5152fed1-8794-4df8-9bed-55deef54d319
FRATLE105051,FRATL5152fed1-8794-4df8-9bed-55deef54d319
FRATLE004241,FRATLe06972d7-a9e5-45f3-b044-5a6c712110b2
FRATLE003421,FRATLe06972d7-a9e5-45f3-b044-5a6c712110b2
FRATLE100952,FRATL34f7e4fd-ea01-402e-95ed-1a92fedd4a39
FRATLE104711,FRATL30d42725-886e-4aaf-a2b6-4fa1d232bb4b
FRATLE004391,FRATLe06972d7-a9e5-45f3-b044-5a6c712110b2
FRATLE005622,FRATL99d24794-f778-46e6-8171-555bab3a25c4
FRATLE000031,FRATL99d24794-f778-46e6-8171-555bab3a25c4
FRATLE104812,FRATL99d24794-f778-46e6-8171-555bab3a25c4
FRATLE002212,FRATL5152fed1-8794-4df8-9bed-55deef54d319
FRATLE100222,FRATL5152fed1-8794-4df8-9bed-55deef54d319
FRATLE100521,FRATL5152fed1-8794-4df8-9bed-55deef54d319
FRATLE105413,FRATL34f7e4fd-ea01-402e-95ed-1a92fedd4a39
FRATLE004711,FRATLe06972d7-a9e5-45f3-b044-5a6c712110b2
FRATLE104681,FRATL5152fed1-8794-4df8-9bed-55deef54d319
FRATLE101282,FRATL5152fed1-8794-4df8-9bed-55deef54d319
FRATLE103923,FRATL34f7e4fd-ea01-402e-95ed-1a92fedd4a39
FRATLE105451,FRATL99d24794-f778-46e6-8171-555bab3a25c4
FRATLE103782,FRATL34f7e4fd-ea01-402e-95ed-1a92fedd4a39
FRATLE004451,FRATL6fda9486-bb45-49e1-9b86-84b8f251a478
FRATLE005632,FRATL34f7e4fd-ea01-402e-95ed-1a92fedd4a39
FRATLE100431,FRATL5152fed1-8794-4df8-9bed-55deef54d319
FRATLE102882,FRATL5152fed1-8794-4df8-9bed-55deef54d319
FRATLE104662,FRATL99d24794-f778-46e6-8171-555bab3a25c4
FRATLE105071,FRATL5152fed1-8794-4df8-9bed-55deef54d319
FRATLEHYC15022BZ0992A2,FRATL99d24794-f778-46e6-8171-555bab3a25c4
FRATLE101992,FRATL5152fed1-8794-4df8-9bed-55deef54d319
FRATLE004114,FRATL7263d104-13cf-4838-9a5a-2974f967fb7a
FRATLE103702,FRATL0d03b682-293f-4f8a-8444-35641b04c757
FRATLE102522,FRATL5152fed1-8794-4df8-9bed-55deef54d319
FRATLE110932,FRATL0d03b682-293f-4f8a-8444-35641b04c757
FRATLE111052,FRATL5152fed1-8794-4df8-9bed-55deef54d319
FRATLE005392,FRATL99d24794-f778-46e6-8171-555bab3a25c4
FRATLE003673,FRATL34f7e4fd-ea01-402e-95ed-1a92fedd4a39
FRATLE000331,FRATL5152fed1-8794-4df8-9bed-55deef54d319
FRATLE111061,FRATL5152fed1-8794-4df8-9bed-55deef54d319
FRATLE107221,FRATL5152fed1-8794-4df8-9bed-55deef54d319
FRATLE101561,FRATL5152fed1-8794-4df8-9bed-55deef54d319
FRATLE101352,FRATL34f7e4fd-ea01-402e-95ed-1a92fedd4a39
FRATLE001012,FRATL99d24794-f778-46e6-8171-555bab3a25c4
FRATLE102881,FRATL5152fed1-8794-4df8-9bed-55deef54d319
FRATLE101221,FRATL5152fed1-8794-4df8-9bed-55deef54d319
FRATLE003693,FRATL34f7e4fd-ea01-402e-95ed-1a92fedd4a39
FRATLE104513,FRATL34f7e4fd-ea01-402e-95ed-1a92fedd4a39
FRATLE002161,FRATL99d24794-f778-46e6-8171-555bab3a25c4
FRATLE005882,FRATL5152fed1-8794-4df8-9bed-55deef54d319
FRATLE002382,FRATL99d24794-f778-46e6-8171-555bab3a25c4
FRATLE002242,FRATL99d24794-f778-46e6-8171-555bab3a25c4
FRATLE110951,FRATL0d03b682-293f-4f8a-8444-35641b04c757
FRATLE103391,FRATL5152fed1-8794-4df8-9bed-55deef54d319
FRATLE002061,FRATL5152fed1-8794-4df8-9bed-55deef54d319
FRATLE104701,FRATL5152fed1-8794-4df8-9bed-55deef54d319
FRATLE005932,FRATL5152fed1-8794-4df8-9bed-55deef54d319
FRATLE104901,FRATL99d24794-f778-46e6-8171-555bab3a25c4
FRATLE101631,FRATL34f7e4fd-ea01-402e-95ed-1a92fedd4a39
FRATLE102501,FRATL5152fed1-8794-4df8-9bed-55deef54d319
FRATLE101862,FRATL34f7e4fd-ea01-402e-95ed-1a92fedd4a39
FRATLE003582,FRATL99d24794-f778-46e6-8171-555bab3a25c4
FRATLEHYC15022BZ3254A2,FRATL99d24794-f778-46e6-8171-555bab3a25c4
FRATLE004463,FRATL7263d104-13cf-4838-9a5a-2974f967fb7a
FRATLE005963,FRATL34f7e4fd-ea01-402e-95ed-1a92fedd4a39
FRATLE104881,FRATL30d42725-886e-4aaf-a2b6-4fa1d232bb4b
FRATLE105322,FRATL30d42725-886e-4aaf-a2b6-4fa1d232bb4b
FRATLE105341,FRATL5152fed1-8794-4df8-9bed-55deef54d319
FRATLE000871,FRATL99d24794-f778-46e6-8171-555bab3a25c4
FRATLE004461,FRATLe06972d7-a9e5-45f3-b044-5a6c712110b2
FRATLE104352,FRATL5152fed1-8794-4df8-9bed-55deef54d319
FRATLE003652,FRATL99d24794-f778-46e6-8171-555bab3a25c4
FRATLE004454,FRATL7263d104-13cf-4838-9a5a-2974f967fb7a
FRATLE105002,FRATL5152fed1-8794-4df8-9bed-55deef54d319
FRATLE110942,FRATL0d03b682-293f-4f8a-8444-35641b04c757
FRATLE101982,FRATL0d03b682-293f-4f8a-8444-35641b04c757
FRATLE103642,FRATL0d03b682-293f-4f8a-8444-35641b04c757
FRATLE100351,FRATL5152fed1-8794-4df8-9bed-55deef54d319
FRATLE006311,FRATL99d24794-f778-46e6-8171-555bab3a25c4
FRATLE000353,FRATL34f7e4fd-ea01-402e-95ed-1a92fedd4a39
FRATLE100171,FRATL5152fed1-8794-4df8-9bed-55deef54d319
FRATLE103861,FRATL5152fed1-8794-4df8-9bed-55deef54d319
FRATLE002271,FRATL34f7e4fd-ea01-402e-95ed-1a92fedd4a39
FRATLE107212,FRATL5152fed1-8794-4df8-9bed-55deef54d319
FRATLE002291,FRATL99d24794-f778-46e6-8171-555bab3a25c4
FRATLE005653,FRATL34f7e4fd-ea01-402e-95ed-1a92fedd4a39
FRATLE100501,FRATL5152fed1-8794-4df8-9bed-55deef54d319
FRATLE104361,FRATL5152fed1-8794-4df8-9bed-55deef54d319
FRATLE000332,FRATL5152fed1-8794-4df8-9bed-55deef54d319
FRATLE103552,FRATL0d03b682-293f-4f8a-8444-35641b04c757
FRATLE104613,FRATL34f7e4fd-ea01-402e-95ed-1a92fedd4a39
FRATLE103882,FRATL5152fed1-8794-4df8-9bed-55deef54d319
FRATLE102461,FRATL5152fed1-8794-4df8-9bed-55deef54d319
FRATLE006031,FRATL99d24794-f778-46e6-8171-555bab3a25c4
FRATLE006201,FRATL99d24794-f778-46e6-8171-555bab3a25c4
FRATLE102102,FRATL5152fed1-8794-4df8-9bed-55deef54d319
FRATLEHYC15022BZ0985A1,FRATL99d24794-f778-46e6-8171-555bab3a25c4
FRATLE006362,FRATL34f7e4fd-ea01-402e-95ed-1a92fedd4a39
FRATLE101681,FRATL34f7e4fd-ea01-402e-95ed-1a92fedd4a39
FRATLE104042,FRATL99d24794-f778-46e6-8171-555bab3a25c4
FRATLE100202,FRATL99d24794-f778-46e6-8171-555bab3a25c4
FRATLE003573,FRATL34f7e4fd-ea01-402e-95ed-1a92fedd4a39
FRATLE005891,FRATL5152fed1-8794-4df8-9bed-55deef54d319
FRATLE103682,FRATL0d03b682-293f-4f8a-8444-35641b04c757
FRATLE100492,FRATL5152fed1-8794-4df8-9bed-55deef54d319
FRATLE103392,FRATL5152fed1-8794-4df8-9bed-55deef54d319
FRATLE101552,FRATL5152fed1-8794-4df8-9bed-55deef54d319
FRATLE104971,FRATL5152fed1-8794-4df8-9bed-55deef54d319
FRATLE101741,FRATL34f7e4fd-ea01-402e-95ed-1a92fedd4a39
FRATLE103272,FRATL5152fed1-8794-4df8-9bed-55deef54d319
FRATLE004992,FRATL99d24794-f778-46e6-8171-555bab3a25c4
FRATLE105102,FRATL5152fed1-8794-4df8-9bed-55deef54d319
FRATLEHYC15022BZ0917A1,FRATL99d24794-f778-46e6-8171-555bab3a25c4
FRATLE001081,FRATL5152fed1-8794-4df8-9bed-55deef54d319
FRATLE105332,FRATL5152fed1-8794-4df8-9bed-55deef54d319
FRATLE100241,FRATL5152fed1-8794-4df8-9bed-55deef54d319
FRATLE001151,FRATL99d24794-f778-46e6-8171-555bab3a25c4
FRATLE103772,FRATL99d24794-f778-46e6-8171-555bab3a25c4
FRATLE101412,FRATL5152fed1-8794-4df8-9bed-55deef54d319
FRATLE105242,FRATL5152fed1-8794-4df8-9bed-55deef54d319
FRATLE005042,FRATL99d24794-f778-46e6-8171-555bab3a25c4
FRATLE103512,FRATL34f7e4fd-ea01-402e-95ed-1a92fedd4a39
FRATLE000681,FRATL99d24794-f778-46e6-8171-555bab3a25c4
FRATLE104093,FRATL34f7e4fd-ea01-402e-95ed-1a92fedd4a39
FRATLE004713,FRATL7263d104-13cf-4838-9a5a-2974f967fb7a
FRATLE100581,FRATL5152fed1-8794-4df8-9bed-55deef54d319
FRATLE002391,FRATL99d24794-f778-46e6-8171-555bab3a25c4
FRATLE100142,FRATL99d24794-f778-46e6-8171-555bab3a25c4
FRALDE100561,FRATL5152fed1-8794-4df8-9bed-55deef54d319
FRATLE103902,FRATL99d24794-f778-46e6-8171-555bab3a25c4
FRATLE004232,FRATL9ac77394-548d-470d-99d2-3866e481765c
FRATLE003572,FRATL99d24794-f778-46e6-8171-555bab3a25c4
FRATLE105361,FRATL99d24794-f778-46e6-8171-555bab3a25c4
FRATLE101532,FRATL0d03b682-293f-4f8a-8444-35641b04c757
FRATLE100981,FRATL5152fed1-8794-4df8-9bed-55deef54d319
FRATLE005701,FRATL99d24794-f778-46e6-8171-555bab3a25c4
FRATLE105321,FRATL30d42725-886e-4aaf-a2b6-4fa1d232bb4b
FRATLE005661,FRATL99d24794-f778-46e6-8171-555bab3a25c4
FRATLE002042,FRATL5152fed1-8794-4df8-9bed-55deef54d319
FRATLE102551,FRATL5152fed1-8794-4df8-9bed-55deef54d319
FRATLE101132,FRATL5152fed1-8794-4df8-9bed-55deef54d319
FRATLE003682,FRATL99d24794-f778-46e6-8171-555bab3a25c4
FRATLE100412,FRATL5152fed1-8794-4df8-9bed-55deef54d319
FRATLE101831,FRATL5152fed1-8794-4df8-9bed-55deef54d319
FRATLE000671,FRATL99d24794-f778-46e6-8171-555bab3a25c4
FRATLE100571,FRATL5152fed1-8794-4df8-9bed-55deef54d319
FRATLE000132,FRATL99d24794-f778-46e6-8171-555bab3a25c4
FRATLE104213,FRATL34f7e4fd-ea01-402e-95ed-1a92fedd4a39
FRATLE004441,FRATL6fda9486-bb45-49e1-9b86-84b8f251a478
FRATLE003462,FRATL99d24794-f778-46e6-8171-555bab3a25c4
FRATLE004102,FRATL9ac77394-548d-470d-99d2-3866e481765c
FRATLE104092,FRATL5152fed1-8794-4df8-9bed-55deef54d319
FRATLE103401,FRATL5152fed1-8794-4df8-9bed-55deef54d319
FRATLE005951,FRATL5152fed1-8794-4df8-9bed-55deef54d319
FRATLE005901,FRATL99d24794-f778-46e6-8171-555bab3a25c4
FRATLE004593,FRATL6fda9486-bb45-49e1-9b86-84b8f251a478
FRATLE101422,FRATL5152fed1-8794-4df8-9bed-55deef54d319
FRATLE104842,FRATL99d24794-f778-46e6-8171-555bab3a25c4
FRATLE110962,FRATL0d03b682-293f-4f8a-8444-35641b04c757
FRATLE104961,FRATL5152fed1-8794-4df8-9bed-55deef54d319
FRATLE101702,FRATL34f7e4fd-ea01-402e-95ed-1a92fedd4a39
FRATLE003343,FRATL7263d104-13cf-4838-9a5a-2974f967fb7a
FRATLE000251,FRATL99d24794-f778-46e6-8171-555bab3a25c4
FRATLE104863,FRATL34f7e4fd-ea01-402e-95ed-1a92fedd4a39
FRATLE103942,FRATL34f7e4fd-ea01-402e-95ed-1a92fedd4a39
FRATLE004091,FRATLe06972d7-a9e5-45f3-b044-5a6c712110b2
FRATLE111181,FRATL5152fed1-8794-4df8-9bed-55deef54d319
FRATLE103912,FRATL99d24794-f778-46e6-8171-555bab3a25c4
FRATLE105252,FRATL5152fed1-8794-4df8-9bed-55deef54d319
FRATLE100352,FRATL5152fed1-8794-4df8-9bed-55deef54d319
FRATLE104081,FRATL5152fed1-8794-4df8-9bed-55deef54d319
FRATLE004051,FRATLe06972d7-a9e5-45f3-b044-5a6c712110b2
FRATLE000741,FRATL99d24794-f778-46e6-8171-555bab3a25c4
FRATLE001741,FRATL99d24794-f778-46e6-8171-555bab3a25c4
FRATLEHYC15022BZ0978A1,FRATL99d24794-f778-46e6-8171-555bab3a25c4
FRATLE104002,FRATL34f7e4fd-ea01-402e-95ed-1a92fedd4a39
FRATLE102441,FRATL5152fed1-8794-4df8-9bed-55deef54d319
FRATLE104051,FRATL34f7e4fd-ea01-402e-95ed-1a92fedd4a39
FRATLE104341,FRATL5152fed1-8794-4df8-9bed-55deef54d319
FRATLE101171,FRATL5152fed1-8794-4df8-9bed-55deef54d319
FRATLE000912,FRATL99d24794-f778-46e6-8171-555bab3a25c4
FRATLE003441,FRATL5152fed1-8794-4df8-9bed-55deef54d319
FRATLEHYC15022BZ0976A3,FRATL34f7e4fd-ea01-402e-95ed-1a92fedd4a39
FRATLE104941,FRATL5152fed1-8794-4df8-9bed-55deef54d319
FRATLE004004,FRATL7263d104-13cf-4838-9a5a-2974f967fb7a
FRATLE002191,FRATL34f7e4fd-ea01-402e-95ed-1a92fedd4a39
FRATLE100341,FRATL5152fed1-8794-4df8-9bed-55deef54d319
FRATLE105113,FRATL34f7e4fd-ea01-402e-95ed-1a92fedd4a39
FRATLE104091,FRATL5152fed1-8794-4df8-9bed-55deef54d319
FRATLE006212,FRATL99d24794-f778-46e6-8171-555bab3a25c4
FRATLE101041,FRATL5152fed1-8794-4df8-9bed-55deef54d319
FRATLE100362,FRATL5152fed1-8794-4df8-9bed-55deef54d319
FRATLE103732,FRATL5152fed1-8794-4df8-9bed-55deef54d319
FRATLE103571,FRATL0d03b682-293f-4f8a-8444-35641b04c757
FRATLE103671,FRATL0d03b682-293f-4f8a-8444-35641b04c757
FRATLE004453,FRATL6fda9486-bb45-49e1-9b86-84b8f251a478
FRATLE103672,FRATL0d03b682-293f-4f8a-8444-35641b04c757
FRATLE103522,FRATL34f7e4fd-ea01-402e-95ed-1a92fedd4a39
FRATLE100801,FRATL5152fed1-8794-4df8-9bed-55deef54d319
FRATLE101641,FRATL34f7e4fd-ea01-402e-95ed-1a92fedd4a39
FRATLE001021,FRATL99d24794-f778-46e6-8171-555bab3a25c4
FRATLE104882,FRATL30d42725-886e-4aaf-a2b6-4fa1d232bb4b
FRATLE004484,FRATL7263d104-13cf-4838-9a5a-2974f967fb7a
FRATLE101991,FRATL5152fed1-8794-4df8-9bed-55deef54d319
FRATLE107252,FRATL5152fed1-8794-4df8-9bed-55deef54d319
FRATLE105162,FRATL30d42725-886e-4aaf-a2b6-4fa1d232bb4b
FRATLE004104,FRATL7263d104-13cf-4838-9a5a-2974f967fb7a
FRATLE110941,FRATL0d03b682-293f-4f8a-8444-35641b04c757
FRATLE101752,FRATL34f7e4fd-ea01-402e-95ed-1a92fedd4a39
FRATLE004223,FRATL6fda9486-bb45-49e1-9b86-84b8f251a478
FRATLE000802,FRATL99d24794-f778-46e6-8171-555bab3a25c4
FRATLE000732,FRATL5152fed1-8794-4df8-9bed-55deef54d319
FRATLE001752,FRATL34f7e4fd-ea01-402e-95ed-1a92fedd4a39
FRATLE004691,FRATLe06972d7-a9e5-45f3-b044-5a6c712110b2
FRATLE100381,FRATL34f7e4fd-ea01-402e-95ed-1a92fedd4a39
FRATLE001702,FRATL99d24794-f778-46e6-8171-555bab3a25c4
FRATLE100772,FRATL5152fed1-8794-4df8-9bed-55deef54d319
FRATLE103651,FRATL0d03b682-293f-4f8a-8444-35641b04c757
FRATLE104642,FRATL5152fed1-8794-4df8-9bed-55deef54d319
FRATLE005371,FRATL99d24794-f778-46e6-8171-555bab3a25c4
FRATLE006032,FRATL99d24794-f778-46e6-8171-555bab3a25c4
FRATLE005013,FRATL34f7e4fd-ea01-402e-95ed-1a92fedd4a39
FRATLE002232,FRATL99d24794-f778-46e6-8171-555bab3a25c4
FRATLE104802,FRATL34f7e4fd-ea01-402e-95ed-1a92fedd4a39
FRATLE110852,FRATL5152fed1-8794-4df8-9bed-55deef54d319
FRATLE105391,FRATL99d24794-f778-46e6-8171-555bab3a25c4
FRATLE104622,FRATL5152fed1-8794-4df8-9bed-55deef54d319
FRATLE003453,FRATL34f7e4fd-ea01-402e-95ed-1a92fedd4a39
FRATLE004523,FRATL6fda9486-bb45-49e1-9b86-84b8f251a478
FRATLE000362,FRATL99d24794-f778-46e6-8171-555bab3a25c4
FRATLE006203,FRATL34f7e4fd-ea01-402e-95ed-1a92fedd4a39
FRATLE005363,FRATL34f7e4fd-ea01-402e-95ed-1a92fedd4a39
FRATLE101312,FRATL5152fed1-8794-4df8-9bed-55deef54d319
FRATLE101682,FRATL34f7e4fd-ea01-402e-95ed-1a92fedd4a39
FRATLE107312,FRATL99d24794-f778-46e6-8171-555bab3a25c4
FRATLE100582,FRATL5152fed1-8794-4df8-9bed-55deef54d319
FRATLE102181,FRATL5152fed1-8794-4df8-9bed-55deef54d319
FRATLE000872,FRATL99d24794-f778-46e6-8171-555bab3a25c4
FRATLE102101,FRATL5152fed1-8794-4df8-9bed-55deef54d319
FRATLE105052,FRATL5152fed1-8794-4df8-9bed-55deef54d319
FRATLE100422,FRATL5152fed1-8794-4df8-9bed-55deef54d319
FRATLE104852,FRATL99d24794-f778-46e6-8171-555bab3a25c4
FRATLE000322,FRATL5152fed1-8794-4df8-9bed-55deef54d319
FRALDE100731,FRATL5152fed1-8794-4df8-9bed-55deef54d319
FRATLE000343,FRATL34f7e4fd-ea01-402e-95ed-1a92fedd4a39
FRATLE105041,FRATL5152fed1-8794-4df8-9bed-55deef54d319
FRATLE004511,FRATL6fda9486-bb45-49e1-9b86-84b8f251a478
FRATLE100972,FRATL5152fed1-8794-4df8-9bed-55deef54d319
FRATLE103281,FRATL5152fed1-8794-4df8-9bed-55deef54d319
FRATLE000611,FRATL99d24794-f778-46e6-8171-555bab3a25c4
FRATLE101962,FRATL0d03b682-293f-4f8a-8444-35641b04c757
FRATLE102192,FRATL5152fed1-8794-4df8-9bed-55deef54d319
FRATLE111131,FRATL0d03b682-293f-4f8a-8444-35641b04c757
FRATLE002401,FRATL5152fed1-8794-4df8-9bed-55deef54d319
FRATLE102562,FRATL5152fed1-8794-4df8-9bed-55deef54d319
FRATLE000502,FRATL99d24794-f778-46e6-8171-555bab3a25c4
FRATLE100361,FRATL5152fed1-8794-4df8-9bed-55deef54d319
FRATLE101372,FRATL34f7e4fd-ea01-402e-95ed-1a92fedd4a39
FRATLE101172,FRATL5152fed1-8794-4df8-9bed-55deef54d319
FRATLE005942,FRATL5152fed1-8794-4df8-9bed-55deef54d319
FRATLE104631,FRATL5152fed1-8794-4df8-9bed-55deef54d319
FRATLE004213,FRATL7263d104-13cf-4838-9a5a-2974f967fb7a
FRATLE005001,FRATL99d24794-f778-46e6-8171-555bab3a25c4
FRATLE001691,FRATL34f7e4fd-ea01-402e-95ed-1a92fedd4a39
FRATLE103422,FRATL5152fed1-8794-4df8-9bed-55deef54d319
FRATLE105202,FRATL34f7e4fd-ea01-402e-95ed-1a92fedd4a39
FRATLE102182,FRATL5152fed1-8794-4df8-9bed-55deef54d319
FRATLE101591,FRATL5152fed1-8794-4df8-9bed-55deef54d319
FRATLE105192,FRATL34f7e4fd-ea01-402e-95ed-1a92fedd4a39
FRATLE102511,FRATL5152fed1-8794-4df8-9bed-55deef54d319
FRATLE104282,FRATL5152fed1-8794-4df8-9bed-55deef54d319
FRATLE006022,FRATL99d24794-f778-46e6-8171-555bab3a25c4
FRATLE005922,FRATL5152fed1-8794-4df8-9bed-55deef54d319
FRATLE004112,FRATL9ac77394-548d-470d-99d2-3866e481765c
FRATLE000662,FRATL99d24794-f778-46e6-8171-555bab3a25c4
FRATLE110842,FRATL5152fed1-8794-4df8-9bed-55deef54d319
FRATLE000032,FRATL99d24794-f778-46e6-8171-555bab3a25c4
FRATLE001001,FRATL99d24794-f778-46e6-8171-555bab3a25c4
FRATLE003491,FRATL5152fed1-8794-4df8-9bed-55deef54d319
FRATLE000371,FRATL99d24794-f778-46e6-8171-555bab3a25c4
FRALDE100541,FRATL5152fed1-8794-4df8-9bed-55deef54d319
FRATLE100191,FRATL99d24794-f778-46e6-8171-555bab3a25c4
FRATLE105551,FRATL99d24794-f778-46e6-8171-555bab3a25c4
FRATLE101672,FRATL34f7e4fd-ea01-402e-95ed-1a92fedd4a39
FRATLE100871,FRATL34f7e4fd-ea01-402e-95ed-1a92fedd4a39
FRALDE100552,FRATL5152fed1-8794-4df8-9bed-55deef54d319
FRATLE000552,FRATL99d24794-f778-46e6-8171-555bab3a25c4
FRATLE105331,FRATL5152fed1-8794-4df8-9bed-55deef54d319
FRATLE002381,FRATL99d24794-f778-46e6-8171-555bab3a25c4
FRATLE005893,FRATL34f7e4fd-ea01-402e-95ed-1a92fedd4a39
FRATLE001133,FRATL34f7e4fd-ea01-402e-95ed-1a92fedd4a39
FRATLE101582,FRATL5152fed1-8794-4df8-9bed-55deef54d319
FRATLE005961,FRATL5152fed1-8794-4df8-9bed-55deef54d319
FRATLE101131,FRATL5152fed1-8794-4df8-9bed-55deef54d319
FRATLE103981,FRATL99d24794-f778-46e6-8171-555bab3a25c4
FRATLE100982,FRATL5152fed1-8794-4df8-9bed-55deef54d319
FRATLEHYC15022BZ0991A1,FRATL99d24794-f778-46e6-8171-555bab3a25c4
FRATLE101602,FRATL5152fed1-8794-4df8-9bed-55deef54d319
FRATLEHYC15022BZ0976A2,FRATL99d24794-f778-46e6-8171-555bab3a25c4
FRATLE100862,FRATL34f7e4fd-ea01-402e-95ed-1a92fedd4a39
FRATLE104832,FRATL99d24794-f778-46e6-8171-555bab3a25c4
FRATLE101251,FRATL5152fed1-8794-4df8-9bed-55deef54d319
FRATLE105142,FRATL30d42725-886e-4aaf-a2b6-4fa1d232bb4b
FRATLE105422,FRATL99d24794-f778-46e6-8171-555bab3a25c4
FRATLEHYC15022BZ0971A2,FRATL99d24794-f778-46e6-8171-555bab3a25c4
FRATLE005601,FRATL34f7e4fd-ea01-402e-95ed-1a92fedd4a39
FRATLE104132,FRATL99d24794-f778-46e6-8171-555bab3a25c4
FRATLE000412,FRATL99d24794-f778-46e6-8171-555bab3a25c4
FRATLE002301,FRATL34f7e4fd-ea01-402e-95ed-1a92fedd4a39
FRATLE104672,FRATL34f7e4fd-ea01-402e-95ed-1a92fedd4a39
FRATLE104752,FRATL30d42725-886e-4aaf-a2b6-4fa1d232bb4b
FRATLE103562,FRATL0d03b682-293f-4f8a-8444-35641b04c757
FRATLE105421,FRATL99d24794-f778-46e6-8171-555bab3a25c4
FRATLE104311,FRATL34f7e4fd-ea01-402e-95ed-1a92fedd4a39
FRATLE104263,FRATL34f7e4fd-ea01-402e-95ed-1a92fedd4a39
FRATLE004191,FRATLe06972d7-a9e5-45f3-b044-5a6c712110b2
FRATLE004021,FRATLe06972d7-a9e5-45f3-b044-5a6c712110b2
FRATLE104251,FRATL99d24794-f778-46e6-8171-555bab3a25c4
FRATLE004301,FRATLe06972d7-a9e5-45f3-b044-5a6c712110b2
FRATLE102051,FRATL5152fed1-8794-4df8-9bed-55deef54d319
FRATLE105152,FRATL30d42725-886e-4aaf-a2b6-4fa1d232bb4b
FRATLEHYC15022BZ0989A2,FRATL99d24794-f778-46e6-8171-555bab3a25c4
FRATLE003894,FRATL7263d104-13cf-4838-9a5a-2974f967fb7a
FRATLE100121,FRATL5152fed1-8794-4df8-9bed-55deef54d319
FRATLE105121,FRATL99d24794-f778-46e6-8171-555bab3a25c4
FRATLE100741,FRATL5152fed1-8794-4df8-9bed-55deef54d319
FRATLE100951,FRATL34f7e4fd-ea01-402e-95ed-1a92fedd4a39
FRATLE100852,FRATL5152fed1-8794-4df8-9bed-55deef54d319
FRATLE005011,FRATL99d24794-f778-46e6-8171-555bab3a25c4
FRATLE101232,FRATL5152fed1-8794-4df8-9bed-55deef54d319
FRATLE002342,FRATL99d24794-f778-46e6-8171-555bab3a25c4
FRATLE004151,FRATLe06972d7-a9e5-45f3-b044-5a6c712110b2
FRATLEHYC15022BZ0971A1,FRATL99d24794-f778-46e6-8171-555bab3a25c4
FRATLE001152,FRATL99d24794-f778-46e6-8171-555bab3a25c4
FRATLE101721,FRATL34f7e4fd-ea01-402e-95ed-1a92fedd4a39
FRATLE006361,FRATL34f7e4fd-ea01-402e-95ed-1a92fedd4a39
FRATLE101461,FRATL0d03b682-293f-4f8a-8444-35641b04c757
FRATLE104523,FRATL34f7e4fd-ea01-402e-95ed-1a92fedd4a39
FRATLE005652,FRATL99d24794-f778-46e6-8171-555bab3a25c4
FRATLE101391,FRATL5152fed1-8794-4df8-9bed-55deef54d319
FRATLE002361,FRATL99d24794-f778-46e6-8171-555bab3a25c4
FRATLE104911,FRATL99d24794-f778-46e6-8171-555bab3a25c4
FRATLE004531,FRATLe06972d7-a9e5-45f3-b044-5a6c712110b2
FRATLE000761,FRATL99d24794-f778-46e6-8171-555bab3a25c4
FRATLE006062,FRATL99d24794-f778-46e6-8171-555bab3a25c4
FRATLE100321,FRATL5152fed1-8794-4df8-9bed-55deef54d319
FRATLE002032,FRATL99d24794-f778-46e6-8171-555bab3a25c4
FRATLE101562,FRATL5152fed1-8794-4df8-9bed-55deef54d319
FRATLE003632,FRATL5152fed1-8794-4df8-9bed-55deef54d319
FRATLE100523,FRATL34f7e4fd-ea01-402e-95ed-1a92fedd4a39
FRATLE004641,FRATLe06972d7-a9e5-45f3-b044-5a6c712110b2
FRATLE101241,FRATL5152fed1-8794-4df8-9bed-55deef54d319
FRATLE001033,FRATL34f7e4fd-ea01-402e-95ed-1a92fedd4a39
FRATLE000621,FRATL99d24794-f778-46e6-8171-555bab3a25c4
FRATLE105312,FRATL30d42725-886e-4aaf-a2b6-4fa1d232bb4b
FRATLE104761,FRATL30d42725-886e-4aaf-a2b6-4fa1d232bb4b
FRATLE006001,FRATL5152fed1-8794-4df8-9bed-55deef54d319
FRATLE004071,FRATLe06972d7-a9e5-45f3-b044-5a6c712110b2
FRATLE006272,FRATL99d24794-f778-46e6-8171-555bab3a25c4
FRATLE103662,FRATL0d03b682-293f-4f8a-8444-35641b04c757
FRATLE101852,FRATL34f7e4fd-ea01-402e-95ed-1a92fedd4a39
FRATLE000622,FRATL99d24794-f778-46e6-8171-555bab3a25c4
FRATLE103841,FRATL5152fed1-8794-4df8-9bed-55deef54d319
FRATLE004524,FRATL7263d104-13cf-4838-9a5a-2974f967fb7a
FRATLE001051,FRATL99d24794-f778-46e6-8171-555bab3a25c4
FRATLE110921,FRATL0d03b682-293f-4f8a-8444-35641b04c757
FRATLE002213,FRATL34f7e4fd-ea01-402e-95ed-1a92fedd4a39
FRATLE101032,FRATL5152fed1-8794-4df8-9bed-55deef54d319
FRATLE002422,FRATL5152fed1-8794-4df8-9bed-55deef54d319
FRATLE107262,FRATL5152fed1-8794-4df8-9bed-55deef54d319
FRATLE107322,FRATL99d24794-f778-46e6-8171-555bab3a25c4
FRATLE107261,FRATL5152fed1-8794-4df8-9bed-55deef54d319
FRATLE105461,FRATL99d24794-f778-46e6-8171-555bab3a25c4
FRATLE103941,FRATL34f7e4fd-ea01-402e-95ed-1a92fedd4a39
FRATLE100902,FRATL34f7e4fd-ea01-402e-95ed-1a92fedd4a39
FRATLE100252,FRATL5152fed1-8794-4df8-9bed-55deef54d319
FRATLE101872,FRATL34f7e4fd-ea01-402e-95ed-1a92fedd4a39
FRATLE003893,FRATL6fda9486-bb45-49e1-9b86-84b8f251a478
FRATLE004061,FRATLe06972d7-a9e5-45f3-b044-5a6c712110b2
FRATLE005382,FRATL99d24794-f778-46e6-8171-555bab3a25c4
FRATLE103771,FRATL99d24794-f778-46e6-8171-555bab3a25c4
FRATLE103851,FRATL5152fed1-8794-4df8-9bed-55deef54d319
FRATLE100491,FRATL5152fed1-8794-4df8-9bed-55deef54d319
FRATLE100821,FRATL5152fed1-8794-4df8-9bed-55deef54d319
FRATLE101002,FRATL34f7e4fd-ea01-402e-95ed-1a92fedd4a39
FRATLE105311,FRATL30d42725-886e-4aaf-a2b6-4fa1d232bb4b
FRATLE000731,FRATL5152fed1-8794-4df8-9bed-55deef54d319
FRATLE001761,FRATL99d24794-f778-46e6-8171-555bab3a25c4
FRATLE000382,FRATL99d24794-f778-46e6-8171-555bab3a25c4
FRATLE105562,FRATL99d24794-f778-46e6-8171-555bab3a25c4
FRATLE101621,FRATL5152fed1-8794-4df8-9bed-55deef54d319
FRATLE105133,FRATL34f7e4fd-ea01-402e-95ed-1a92fedd4a39
FRATLE103791,FRATL99d24794-f778-46e6-8171-555bab3a25c4
FRATLE104932,FRATL5152fed1-8794-4df8-9bed-55deef54d319
FRATLE101821,FRATL5152fed1-8794-4df8-9bed-55deef54d319
FRATLE105472,FRATL99d24794-f778-46e6-8171-555bab3a25c4
FRATLE103922,FRATL99d24794-f778-46e6-8171-555bab3a25c4
FRATLE100023,FRATL34f7e4fd-ea01-402e-95ed-1a92fedd4a39
FRATLEHYC15022BZ0982A2,FRATL99d24794-f778-46e6-8171-555bab3a25c4
FRATLE105601,FRATL99d24794-f778-46e6-8171-555bab3a25c4
FRATLE002402,FRATL5152fed1-8794-4df8-9bed-55deef54d319
FRATLE100342,FRATL5152fed1-8794-4df8-9bed-55deef54d319
FRATLE104181,FRATL99d24794-f778-46e6-8171-555bab3a25c4
FRATLE000703,FRATL34f7e4fd-ea01-402e-95ed-1a92fedd4a39
FRATLE002292,FRATL99d24794-f778-46e6-8171-555bab3a25c4
FRATLE003451,FRATL99d24794-f778-46e6-8171-555bab3a25c4
FRATLE100761,FRATL5152fed1-8794-4df8-9bed-55deef54d319
FRATLE004111,FRATL6fda9486-bb45-49e1-9b86-84b8f251a478
FRATLE101541,FRATL0d03b682-293f-4f8a-8444-35641b04c757
FRATLE004224,FRATL7263d104-13cf-4838-9a5a-2974f967fb7a
FRATLE004473,FRATL6fda9486-bb45-49e1-9b86-84b8f251a478
FRATLE104402,FRATL34f7e4fd-ea01-402e-95ed-1a92fedd4a39
FRATLE101031,FRATL5152fed1-8794-4df8-9bed-55deef54d319
FRATLE101622,FRATL5152fed1-8794-4df8-9bed-55deef54d319
FRATLE004291,FRATLe06972d7-a9e5-45f3-b044-5a6c712110b2
FRATLE100911,FRATL34f7e4fd-ea01-402e-95ed-1a92fedd4a39
FRATLE002142,FRATL99d24794-f778-46e6-8171-555bab3a25c4
FRATLE103872,FRATL5152fed1-8794-4df8-9bed-55deef54d319
FRATLE102062,FRATL5152fed1-8794-4df8-9bed-55deef54d319
FRATLE104521,FRATL5152fed1-8794-4df8-9bed-55deef54d319
FRATLE006331,FRATL99d24794-f778-46e6-8171-555bab3a25c4
FRATLE006011,FRATL5152fed1-8794-4df8-9bed-55deef54d319
FRATLE103921,FRATL99d24794-f778-46e6-8171-555bab3a25c4
FRATLE003401,FRATLe06972d7-a9e5-45f3-b044-5a6c712110b2
FRATLE005391,FRATL99d24794-f778-46e6-8171-555bab3a25c4
FRATLE102452,FRATL5152fed1-8794-4df8-9bed-55deef54d319
FRATLE002332,FRATL99d24794-f778-46e6-8171-555bab3a25c4
FRATLE005981,FRATL99d24794-f778-46e6-8171-555bab3a25c4
FRATLE103581,FRATL0d03b682-293f-4f8a-8444-35641b04c757
FRATLE100842,FRATL5152fed1-8794-4df8-9bed-55deef54d319
FRATLE103162,FRATL5152fed1-8794-4df8-9bed-55deef54d319
FRATLE001701,FRATL99d24794-f778-46e6-8171-555bab3a25c4
FRATLE104141,FRATL99d24794-f778-46e6-8171-555bab3a25c4
FRATLE101302,FRATL5152fed1-8794-4df8-9bed-55deef54d319
FRATLE102451,FRATL5152fed1-8794-4df8-9bed-55deef54d319
FRATLE005582,FRATL99d24794-f778-46e6-8171-555bab3a25c4
FRATLE000351,FRATL99d24794-f778-46e6-8171-555bab3a25c4
FRATLE105352,FRATL99d24794-f778-46e6-8171-555bab3a25c4
FRATLE000762,FRATL99d24794-f778-46e6-8171-555bab3a25c4
FRATLE004512,FRATL9ac77394-548d-470d-99d2-3866e481765c
FRATLEHYC15022BZ3253A2,FRATL99d24794-f778-46e6-8171-555bab3a25c4
FRATLE104831,FRATL99d24794-f778-46e6-8171-555bab3a25c4
FRATLE104931,FRATL5152fed1-8794-4df8-9bed-55deef54d319
FRATLE105132,FRATL99d24794-f778-46e6-8171-555bab3a25c4
FRATLE002181,FRATL99d24794-f778-46e6-8171-555bab3a25c4
FRATLE001041,FRATL99d24794-f778-46e6-8171-555bab3a25c4
FRATLE002411,FRATL5152fed1-8794-4df8-9bed-55deef54d319
FRALDE100551,FRATL5152fed1-8794-4df8-9bed-55deef54d319
FRATLE100611,FRATL5152fed1-8794-4df8-9bed-55deef54d319
FRATLE104942,FRATL5152fed1-8794-4df8-9bed-55deef54d319
FRATLE000561,FRATL99d24794-f778-46e6-8171-555bab3a25c4
FRATLE002131,FRATL34f7e4fd-ea01-402e-95ed-1a92fedd4a39
FRATLE101441,FRATL0d03b682-293f-4f8a-8444-35641b04c757
FRATLE100242,FRATL5152fed1-8794-4df8-9bed-55deef54d319
FRATLE103911,FRATL99d24794-f778-46e6-8171-555bab3a25c4
FRATLE002272,FRATL34f7e4fd-ea01-402e-95ed-1a92fedd4a39
FRATLE003292,FRATL9ac77394-548d-470d-99d2-3866e481765c
FRATLE101311,FRATL5152fed1-8794-4df8-9bed-55deef54d319
FRATLE004514,FRATL7263d104-13cf-4838-9a5a-2974f967fb7a
FRATLE104061,FRATL5152fed1-8794-4df8-9bed-55deef54d319
FRATLE105231,FRATL5152fed1-8794-4df8-9bed-55deef54d319
FRATLE000682,FRATL99d24794-f778-46e6-8171-555bab3a25c4
FRATLE100372,FRATL34f7e4fd-ea01-402e-95ed-1a92fedd4a39
FRATLE110911,FRATL0d03b682-293f-4f8a-8444-35641b04c757
FRATLE104962,FRATL5152fed1-8794-4df8-9bed-55deef54d319
FRATLE100302,FRATL5152fed1-8794-4df8-9bed-55deef54d319
FRATLE002262,FRATL99d24794-f778-46e6-8171-555bab3a25c4
FRATLE000641,FRATL99d24794-f778-46e6-8171-555bab3a25c4
FRATLE003291,FRATL6fda9486-bb45-49e1-9b86-84b8f251a478
FRATLE100293,FRATL34f7e4fd-ea01-402e-95ed-1a92fedd4a39
FRATLE101222,FRATL5152fed1-8794-4df8-9bed-55deef54d319
FRALDE100732,FRATL5152fed1-8794-4df8-9bed-55deef54d319
FRATLE003581,FRATL99d24794-f778-46e6-8171-555bab3a25c4
FRATLE101981,FRATL0d03b682-293f-4f8a-8444-35641b04c757
FRATLE000951,FRATL99d24794-f778-46e6-8171-555bab3a25c4
FRATLE101341,FRATL34f7e4fd-ea01-402e-95ed-1a92fedd4a39
FRATLE100312,FRATL5152fed1-8794-4df8-9bed-55deef54d319
FRATLE004171,FRATLe06972d7-a9e5-45f3-b044-5a6c712110b2
FRATLE100942,FRATL34f7e4fd-ea01-402e-95ed-1a92fedd4a39
FRATLE110821,FRATL5152fed1-8794-4df8-9bed-55deef54d319
FRATLE004671,FRATLe06972d7-a9e5-45f3-b044-5a6c712110b2
FRATLE104731,FRATL34f7e4fd-ea01-402e-95ed-1a92fedd4a39
FRATLE004513,FRATL6fda9486-bb45-49e1-9b86-84b8f251a478
FRATLE100182,FRATL5152fed1-8794-4df8-9bed-55deef54d319
FRATLE100162,FRATL99d24794-f778-46e6-8171-555bab3a25c4
FRATLE100232,FRATL5152fed1-8794-4df8-9bed-55deef54d319
FRATLE104072,FRATL5152fed1-8794-4df8-9bed-55deef54d319
FRATLE004101,FRATL6fda9486-bb45-49e1-9b86-84b8f251a478
FRATLE105092,FRATL5152fed1-8794-4df8-9bed-55deef54d319
FRATLE002031,FRATL99d24794-f778-46e6-8171-555bab3a25c4
FRATLE004431,FRATLe06972d7-a9e5-45f3-b044-5a6c712110b2
FRATLE100662,FRATL34f7e4fd-ea01-402e-95ed-1a92fedd4a39
FRATLE000602,FRATL99d24794-f778-46e6-8171-555bab3a25c4
FRATLE101021,FRATL5152fed1-8794-4df8-9bed-55deef54d319
FRATLE105401,FRATL99d24794-f778-46e6-8171-555bab3a25c4
FRATLE104201,FRATL30d42725-886e-4aaf-a2b6-4fa1d232bb4b
FRATLE107251,FRATL5152fed1-8794-4df8-9bed-55deef54d319
FRATLE103171,FRATL5152fed1-8794-4df8-9bed-55deef54d319
FRATLE004462,FRATL9ac77394-548d-470d-99d2-3866e481765c
FRATLE102171,FRATL5152fed1-8794-4df8-9bed-55deef54d319
FRATLE005931,FRATL5152fed1-8794-4df8-9bed-55deef54d319
FRATLE100961,FRATL5152fed1-8794-4df8-9bed-55deef54d319
FRATLE101711,FRATL34f7e4fd-ea01-402e-95ed-1a92fedd4a39
FRATLE000433,FRATL34f7e4fd-ea01-402e-95ed-1a92fedd4a39
FRATLE104001,FRATL34f7e4fd-ea01-402e-95ed-1a92fedd4a39
FRATLE005972,FRATL5152fed1-8794-4df8-9bed-55deef54d319
FRATLE105161,FRATL30d42725-886e-4aaf-a2b6-4fa1d232bb4b
FRATLE006332,FRATL99d24794-f778-46e6-8171-555bab3a25c4
FRATLE002252,FRATL34f7e4fd-ea01-402e-95ed-1a92fedd4a39
FRATLE004631,FRATLe06972d7-a9e5-45f3-b044-5a6c712110b2
FRATLE101252,FRATL5152fed1-8794-4df8-9bed-55deef54d319
FRATLE003622,FRATL99d24794-f778-46e6-8171-555bab3a25c4
FRATLE104302,FRATL5152fed1-8794-4df8-9bed-55deef54d319
FRATLE004003,FRATL6fda9486-bb45-49e1-9b86-84b8f251a478
FRATLE104283,FRATL34f7e4fd-ea01-402e-95ed-1a92fedd4a39
FRATLE004443,FRATL6fda9486-bb45-49e1-9b86-84b8f251a478
FRATLE005912,FRATL99d24794-f778-46e6-8171-555bab3a25c4
FRATLE005002,FRATL99d24794-f778-46e6-8171-555bab3a25c4
FRATLE104173,FRATL34f7e4fd-ea01-402e-95ed-1a92fedd4a39
FRATLE100141,FRATL99d24794-f778-46e6-8171-555bab3a25c4
FRATLE101152,FRATL5152fed1-8794-4df8-9bed-55deef54d319
FRATLE001061,FRATL99d24794-f778-46e6-8171-555bab3a25c4
FRATLE101651,FRATL34f7e4fd-ea01-402e-95ed-1a92fedd4a39
FRATLE003892,FRATL9ac77394-548d-470d-99d2-3866e481765c
FRATLE003643,FRATL34f7e4fd-ea01-402e-95ed-1a92fedd4a39
FRATLE100681,FRATL5152fed1-8794-4df8-9bed-55deef54d319
FRATLE006021,FRATL99d24794-f778-46e6-8171-555bab3a25c4
FRATLE000252,FRATL99d24794-f778-46e6-8171-555bab3a25c4
FRATLE003592,FRATL99d24794-f778-46e6-8171-555bab3a25c4
FRATLE107232,FRATL5152fed1-8794-4df8-9bed-55deef54d319
FRATLE100421,FRATL5152fed1-8794-4df8-9bed-55deef54d319
FRATLE100441,FRATL5152fed1-8794-4df8-9bed-55deef54d319
FRATLE101122,FRATL5152fed1-8794-4df8-9bed-55deef54d319
FRATLE110822,FRATL5152fed1-8794-4df8-9bed-55deef54d319
FRATLE004381,FRATLe06972d7-a9e5-45f3-b044-5a6c712110b2
FRATLE104202,FRATL30d42725-886e-4aaf-a2b6-4fa1d232bb4b
FRATLE004233,FRATL6fda9486-bb45-49e1-9b86-84b8f251a478
FRATLE000422,FRATL99d24794-f778-46e6-8171-555bab3a25c4
FRATLE100322,FRATL5152fed1-8794-4df8-9bed-55deef54d319
FRATLE000381,FRATL99d24794-f778-46e6-8171-555bab3a25c4
FRATLE004522,FRATL9ac77394-548d-470d-99d2-3866e481765c
FRATLE005662,FRATL99d24794-f778-46e6-8171-555bab3a25c4
FRATLE005581,FRATL99d24794-f778-46e6-8171-555bab3a25c4
FRATLE101751,FRATL34f7e4fd-ea01-402e-95ed-1a92fedd4a39
FRATLE005383,FRATL34f7e4fd-ea01-402e-95ed-1a92fedd4a39
FRATLE102492,FRATL34f7e4fd-ea01-402e-95ed-1a92fedd4a39
FRATLE104822,FRATL99d24794-f778-46e6-8171-555bab3a25c4
FRATLE004993,FRATL34f7e4fd-ea01-402e-95ed-1a92fedd4a39
FRATLE100931,FRATL34f7e4fd-ea01-402e-95ed-1a92fedd4a39
FRATLE102131,FRATL5152fed1-8794-4df8-9bed-55deef54d319
FRATLE005043,FRATL34f7e4fd-ea01-402e-95ed-1a92fedd4a39
FRATLE105213,FRATL34f7e4fd-ea01-402e-95ed-1a92fedd4a39
FRALDE104531,FRATL5152fed1-8794-4df8-9bed-55deef54d319
FRATLE101491,FRATL0d03b682-293f-4f8a-8444-35641b04c757
FRATLE006301,FRATL99d24794-f778-46e6-8171-555bab3a25c4
FRATLE100153,FRATL34f7e4fd-ea01-402e-95ed-1a92fedd4a39
FRATLE101652,FRATL34f7e4fd-ea01-402e-95ed-1a92fedd4a39
FRATLE101871,FRATL34f7e4fd-ea01-402e-95ed-1a92fedd4a39
FRATLE103891,FRATL5152fed1-8794-4df8-9bed-55deef54d319
FRATLE103541,FRATL0d03b682-293f-4f8a-8444-35641b04c757
FRATLE105602,FRATL99d24794-f778-46e6-8171-555bab3a25c4
FRATLE003612,FRATL99d24794-f778-46e6-8171-555bab3a25c4
FRATLE004482,FRATL9ac77394-548d-470d-99d2-3866e481765c
FRATLEHYC15022BZ0981A2,FRATL99d24794-f778-46e6-8171-555bab3a25c4
FRATLE005702,FRATL99d24794-f778-46e6-8171-555bab3a25c4
FRATLE003692,FRATL5152fed1-8794-4df8-9bed-55deef54d319
FRATLE100602,FRATL5152fed1-8794-4df8-9bed-55deef54d319
FRATLEHYC15022BZ0975A2,FRATL99d24794-f778-46e6-8171-555bab3a25c4
FRATLE100822,FRATL5152fed1-8794-4df8-9bed-55deef54d319
FRATLE104862,FRATL99d24794-f778-46e6-8171-555bab3a25c4
FRATLE003613,FRATL34f7e4fd-ea01-402e-95ed-1a92fedd4a39
FRATLE003562,FRATL99d24794-f778-46e6-8171-555bab3a25c4
FRATLE105122,FRATL99d24794-f778-46e6-8171-555bab3a25c4
FRATLE104401,FRATL34f7e4fd-ea01-402e-95ed-1a92fedd4a39
FRATLE110922,FRATL0d03b682-293f-4f8a-8444-35641b04c757
FRATLE104312,FRATL34f7e4fd-ea01-402e-95ed-1a92fedd4a39
FRATLE101322,FRATL5152fed1-8794-4df8-9bed-55deef54d319
FRATLE002152,FRATL34f7e4fd-ea01-402e-95ed-1a92fedd4a39
FRATLE005651,FRATL99d24794-f778-46e6-8171-555bab3a25c4
FRATLEHYC15022BZ0994A2,FRATL99d24794-f778-46e6-8171-555bab3a25c4
FRATLE105241,FRATL5152fed1-8794-4df8-9bed-55deef54d319
FRATLE003411,FRATLe06972d7-a9e5-45f3-b044-5a6c712110b2
FRATLE005631,FRATL34f7e4fd-ea01-402e-95ed-1a92fedd4a39
FRATLE101462,FRATL0d03b682-293f-4f8a-8444-35641b04c757
FRATLE003443,FRATL34f7e4fd-ea01-402e-95ed-1a92fedd4a39
FRATLE101471,FRATL0d03b682-293f-4f8a-8444-35641b04c757
FRATLE102121,FRATL5152fed1-8794-4df8-9bed-55deef54d319
FRATLE104131,FRATL99d24794-f778-46e6-8171-555bab3a25c4
FRATLE107211,FRATL5152fed1-8794-4df8-9bed-55deef54d319
FRATLE101842,FRATL5152fed1-8794-4df8-9bed-55deef54d319
FRATLE103302,FRATL34f7e4fd-ea01-402e-95ed-1a92fedd4a39
FRATLEHYC15022BZ0990A2,FRATL99d24794-f778-46e6-8171-555bab3a25c4
FRATLE100323,FRATL34f7e4fd-ea01-402e-95ed-1a92fedd4a39
FRATLE000461,FRATL99d24794-f778-46e6-8171-555bab3a25c4
FRATLE003561,FRATL99d24794-f778-46e6-8171-555bab3a25c4
FRATLE100282,FRATL99d24794-f778-46e6-8171-555bab3a25c4
FRATLE101542,FRATL0d03b682-293f-4f8a-8444-35641b04c757
FRATLE107222,FRATL5152fed1-8794-4df8-9bed-55deef54d319
FRATLE003351,FRATLe06972d7-a9e5-45f3-b044-5a6c712110b2
FRATLE000372,FRATL99d24794-f778-46e6-8171-555bab3a25c4
FRATLE004981,FRATL99d24794-f778-46e6-8171-555bab3a25c4
FRATLE003651,FRATL99d24794-f778-46e6-8171-555bab3a25c4
FRATLE100231,FRATL5152fed1-8794-4df8-9bed-55deef54d319
FRATLEHYC15022BZ0977A2,FRATL99d24794-f778-46e6-8171-555bab3a25c4
FRATLE004321,FRATLe06972d7-a9e5-45f3-b044-5a6c712110b2
FRATLE102041,FRATL5152fed1-8794-4df8-9bed-55deef54d319
FRATLE104991,FRATL5152fed1-8794-4df8-9bed-55deef54d319
FRATLE003621,FRATL99d24794-f778-46e6-8171-555bab3a25c4
FRATLE005711,FRATL34f7e4fd-ea01-402e-95ed-1a92fedd4a39
FRATLE102092,FRATL34f7e4fd-ea01-402e-95ed-1a92fedd4a39
FRATLE101601,FRATL5152fed1-8794-4df8-9bed-55deef54d319
FRATLE004281,FRATLe06972d7-a9e5-45f3-b044-5a6c712110b2
FRATLE006281,FRATL34f7e4fd-ea01-402e-95ed-1a92fedd4a39
FRATLE101271,FRATL5152fed1-8794-4df8-9bed-55deef54d319
FRATLE001162,FRATL99d24794-f778-46e6-8171-555bab3a25c4
FRATLE005971,FRATL5152fed1-8794-4df8-9bed-55deef54d319
FRATLE101671,FRATL34f7e4fd-ea01-402e-95ed-1a92fedd4a39
FRATLE107231,FRATL5152fed1-8794-4df8-9bed-55deef54d319
FRATLE004472,FRATL9ac77394-548d-470d-99d2-3866e481765c
FRATLE003332,FRATL9ac77394-548d-470d-99d2-3866e481765c
FRATLE105081,FRATL5152fed1-8794-4df8-9bed-55deef54d319
FRATLE104811,FRATL99d24794-f778-46e6-8171-555bab3a25c4
FRATLE107241,FRATL5152fed1-8794-4df8-9bed-55deef54d319
FRATLE103282,FRATL5152fed1-8794-4df8-9bed-55deef54d319
FRATLEHYC15022BZ0985A2,FRATL99d24794-f778-46e6-8171-555bab3a25c4
FRATLE111132,FRATL0d03b682-293f-4f8a-8444-35641b04c757
FRATLE005372,FRATL99d24794-f778-46e6-8171-555bab3a25c4
FRATLE101452,FRATL0d03b682-293f-4f8a-8444-35641b04c757
FRATLE104652,FRATL99d24794-f778-46e6-8171-555bab3a25c4
FRATLE100752,FRATL5152fed1-8794-4df8-9bed-55deef54d319
FRATLE100251,FRATL5152fed1-8794-4df8-9bed-55deef54d319
FRATLE100281,FRATL99d24794-f778-46e6-8171-555bab3a25c4
FRATLEEHYC15022BZ0982A3,FRATL34f7e4fd-ea01-402e-95ed-1a92fedd4a39
FRATLE103142,FRATL5152fed1-8794-4df8-9bed-55deef54d319
FRATLE005031,FRATL99d24794-f778-46e6-8171-555bab3a25c4
FRATLE006282,FRATL34f7e4fd-ea01-402e-95ed-1a92fedd4a39
FRATLE101291,FRATL5152fed1-8794-4df8-9bed-55deef54d319
FRATLE004103,FRATL6fda9486-bb45-49e1-9b86-84b8f251a478
FRATLE101971,FRATL0d03b682-293f-4f8a-8444-35641b04c757
FRATLE001712,FRATL99d24794-f778-46e6-8171-555bab3a25c4
FRATLE103172,FRATL5152fed1-8794-4df8-9bed-55deef54d319
FRATLE000183,FRATL34f7e4fd-ea01-402e-95ed-1a92fedd4a39
FRATLE110841,FRATL5152fed1-8794-4df8-9bed-55deef54d319
FRATLE006262,FRATL99d24794-f778-46e6-8171-555bab3a25c4
FRATLE100152,FRATL5152fed1-8794-4df8-9bed-55deef54d319
FRATLE002221,FRATL99d24794-f778-46e6-8171-555bab3a25c4
FRATLE104322,FRATL34f7e4fd-ea01-402e-95ed-1a92fedd4a39
FRATLE003591,FRATL99d24794-f778-46e6-8171-555bab3a25c4
FRATLE101382,FRATL5152fed1-8794-4df8-9bed-55deef54d319
FRATLE006312,FRATL99d24794-f778-46e6-8171-555bab3a25c4
FRATLE105222,FRATL5152fed1-8794-4df8-9bed-55deef54d319
FRATLE104182,FRATL99d24794-f778-46e6-8171-555bab3a25c4
FRATLE111152,FRATL0d03b682-293f-4f8a-8444-35641b04c757
FRATLE001682,FRATL99d24794-f778-46e6-8171-555bab3a25c4
FRATLE103892,FRATL5152fed1-8794-4df8-9bed-55deef54d319
FRATLE002321,FRATL99d24794-f778-46e6-8171-555bab3a25c4
FRATLE100932,FRATL34f7e4fd-ea01-402e-95ed-1a92fedd4a39
FRATLE104741,FRATL30d42725-886e-4aaf-a2b6-4fa1d232bb4b
FRATLE100032,FRATL99d24794-f778-46e6-8171-555bab3a25c4
FRATLE001062,FRATL99d24794-f778-46e6-8171-555bab3a25c4
FRATLE000862,FRATL34f7e4fd-ea01-402e-95ed-1a92fedd4a39
FRATLE104591,FRATL34f7e4fd-ea01-402e-95ed-1a92fedd4a39
FRATLE004371,FRATLe06972d7-a9e5-45f3-b044-5a6c712110b2
FRATLE000632,FRATL99d24794-f778-46e6-8171-555bab3a25c4
FRATLE102541,FRATL5152fed1-8794-4df8-9bed-55deef54d319
FRATLE103692,FRATL0d03b682-293f-4f8a-8444-35641b04c757
FRATLE101001,FRATL34f7e4fd-ea01-402e-95ed-1a92fedd4a39
FRATLE100812,FRATL5152fed1-8794-4df8-9bed-55deef54d319
FRATLE100771,FRATL5152fed1-8794-4df8-9bed-55deef54d319
FRATLE005962,FRATL5152fed1-8794-4df8-9bed-55deef54d319
FRATLE105351,FRATL99d24794-f778-46e6-8171-555bab3a25c4
FRATLE100882,FRATL34f7e4fd-ea01-402e-95ed-1a92fedd4a39
FRATLE000533,FRATL34f7e4fd-ea01-402e-95ed-1a92fedd4a39
FRATLE003601,FRATL99d24794-f778-46e6-8171-555bab3a25c4
FRATLEHYC15022BZ0979A1,FRATL99d24794-f778-46e6-8171-555bab3a25c4
FRATLE004601,FRATLe06972d7-a9e5-45f3-b044-5a6c712110b2
FRATLE004712,FRATL9ac77394-548d-470d-99d2-3866e481765c
FRATLE000352,FRATL99d24794-f778-46e6-8171-555bab3a25c4
FRATLE103261,FRATL5152fed1-8794-4df8-9bed-55deef54d319
FRATLE101342,FRATL34f7e4fd-ea01-402e-95ed-1a92fedd4a39
FRATLE100181,FRATL5152fed1-8794-4df8-9bed-55deef54d319
FRATLE001052,FRATL99d24794-f778-46e6-8171-555bab3a25c4
FRATLE104031,FRATL99d24794-f778-46e6-8171-555bab3a25c4
FRATLE101731,FRATL34f7e4fd-ea01-402e-95ed-1a92fedd4a39
FRATLE002162,FRATL99d24794-f778-46e6-8171-555bab3a25c4
FRATLE002322,FRATL99d24794-f778-46e6-8171-555bab3a25c4
FRATLE002052,FRATL5152fed1-8794-4df8-9bed-55deef54d319
FRATLE102201,FRATL5152fed1-8794-4df8-9bed-55deef54d319
FRATLE101011,FRATL5152fed1-8794-4df8-9bed-55deef54d319
FRATLE001711,FRATL99d24794-f778-46e6-8171-555bab3a25c4
FRATLE004211,FRATLe06972d7-a9e5-45f3-b044-5a6c712110b2
FRATLE105253,FRATL34f7e4fd-ea01-402e-95ed-1a92fedd4a39
FRATLE100223,FRATL5152fed1-8794-4df8-9bed-55deef54d319
FRATLE003452,FRATL99d24794-f778-46e6-8171-555bab3a25c4
FRATLE003653,FRATL34f7e4fd-ea01-402e-95ed-1a92fedd4a39
FRATLE006371,FRATL99d24794-f778-46e6-8171-555bab3a25c4
FRATLE100132,FRATL99d24794-f778-46e6-8171-555bab3a25c4
FRATLE004483,FRATL6fda9486-bb45-49e1-9b86-84b8f251a478
FRATLE000431,FRATL5152fed1-8794-4df8-9bed-55deef54d319
FRATLE110952,FRATL0d03b682-293f-4f8a-8444-35641b04c757
FRATLE100832,FRATL5152fed1-8794-4df8-9bed-55deef54d319
FRATLEHYC15022BZ0977A1,FRATL99d24794-f778-46e6-8171-555bab3a25c4
FRATLE005041,FRATL99d24794-f778-46e6-8171-555bab3a25c4
FRATLE000133,FRATL34f7e4fd-ea01-402e-95ed-1a92fedd4a39
FRATLE004351,FRATLe06972d7-a9e5-45f3-b044-5a6c712110b2
FRATLE002102,FRATL99d24794-f778-46e6-8171-555bab3a25c4
FRATLE104161,FRATL34f7e4fd-ea01-402e-95ed-1a92fedd4a39
FRATLE100131,FRATL99d24794-f778-46e6-8171-555bab3a25c4
FRATLE004592,FRATL9ac77394-548d-470d-99d2-3866e481765c
FRATLE105412,FRATL99d24794-f778-46e6-8171-555bab3a25c4
FRATLE000801,FRATL99d24794-f778-46e6-8171-555bab3a25c4
FRATLE111062,FRATL5152fed1-8794-4df8-9bed-55deef54d319
FRATLE101661,FRATL34f7e4fd-ea01-402e-95ed-1a92fedd4a39
FRATLEHYC15022BZ0992A3,FRATL34f7e4fd-ea01-402e-95ed-1a92fedd4a39
FRATLE101362,FRATL34f7e4fd-ea01-402e-95ed-1a92fedd4a39
FRATLE001103,FRATL34f7e4fd-ea01-402e-95ed-1a92fedd4a39
FRATLE002371,FRATL99d24794-f778-46e6-8171-555bab3a25c4
FRATLE002112,FRATL34f7e4fd-ea01-402e-95ed-1a92fedd4a39
FRATLE101632,FRATL34f7e4fd-ea01-402e-95ed-1a92fedd4a39
FRATLE111161,FRATL0d03b682-293f-4f8a-8444-35641b04c757
FRATLE101022,FRATL5152fed1-8794-4df8-9bed-55deef54d319
FRATLE002302,FRATL34f7e4fd-ea01-402e-95ed-1a92fedd4a39
FRATLE103521,FRATL34f7e4fd-ea01-402e-95ed-1a92fedd4a39
FRATLE101141,FRATL5152fed1-8794-4df8-9bed-55deef54d319
FRATLE111162,FRATL0d03b682-293f-4f8a-8444-35641b04c757
FRATLE001022,FRATL99d24794-f778-46e6-8171-555bab3a25c4
FRATLE101861,FRATL34f7e4fd-ea01-402e-95ed-1a92fedd4a39
FRATLE111151,FRATL0d03b682-293f-4f8a-8444-35641b04c757
FRATLE001141,FRATL99d24794-f778-46e6-8171-555bab3a25c4
FRATLE004221,FRATL6fda9486-bb45-49e1-9b86-84b8f251a478
FRATLE003881,FRATLe06972d7-a9e5-45f3-b044-5a6c712110b2
FRATLE101231,FRATL5152fed1-8794-4df8-9bed-55deef54d319
FRATLE101392,FRATL5152fed1-8794-4df8-9bed-55deef54d319
FRATLE003611,FRATL99d24794-f778-46e6-8171-555bab3a25c4
FRATLE100992,FRATL5152fed1-8794-4df8-9bed-55deef54d319
FRATLE102991,FRATL5152fed1-8794-4df8-9bed-55deef54d319
FRATLE005721,FRATL99d24794-f778-46e6-8171-555bab3a25c4
FRATLE000321,FRATL5152fed1-8794-4df8-9bed-55deef54d319
FRATLE104742,FRATL30d42725-886e-4aaf-a2b6-4fa1d232bb4b
FRATLE100262,FRATL5152fed1-8794-4df8-9bed-55deef54d319
FRATLE104392,FRATL34f7e4fd-ea01-402e-95ed-1a92fedd4a39
FRATLE000683,FRATL34f7e4fd-ea01-402e-95ed-1a92fedd4a39
FRATLE103271,FRATL5152fed1-8794-4df8-9bed-55deef54d319
FRATLE003342,FRATL9ac77394-548d-470d-99d2-3866e481765c
FRATLE003642,FRATL5152fed1-8794-4df8-9bed-55deef54d319
FRATLE004231,FRATL6fda9486-bb45-49e1-9b86-84b8f251a478
FRATLE101952,FRATL0d03b682-293f-4f8a-8444-35641b04c757
FRATLE104992,FRATL5152fed1-8794-4df8-9bed-55deef54d319
FRATLE000672,FRATL99d24794-f778-46e6-8171-555bab3a25c4
FRATLE003633,FRATL34f7e4fd-ea01-402e-95ed-1a92fedd4a39
FRATLE006081,FRATL34f7e4fd-ea01-402e-95ed-1a92fedd4a39
FRATLE102992,FRATL5152fed1-8794-4df8-9bed-55deef54d319
FRATLE105072,FRATL5152fed1-8794-4df8-9bed-55deef54d319
FRATLE004041,FRATLe06972d7-a9e5-45f3-b044-5a6c712110b2
FRATLE100682,FRATL5152fed1-8794-4df8-9bed-55deef54d319
FRATLE111142,FRATL0d03b682-293f-4f8a-8444-35641b04c757
FRATLEHYC15022BZ0996A2,FRATL99d24794-f778-46e6-8171-555bab3a25c4
FRATLE103412,FRATL5152fed1-8794-4df8-9bed-55deef54d319
FRATLE100012,FRATL5152fed1-8794-4df8-9bed-55deef54d319
FRATLE104183,FRATL34f7e4fd-ea01-402e-95ed-1a92fedd4a39
FRATLE104611,FRATL5152fed1-8794-4df8-9bed-55deef54d319
FRATLE105592,FRATL5152fed1-8794-4df8-9bed-55deef54d319
FRATLE104171,FRATL99d24794-f778-46e6-8171-555bab3a25c4
FRATLE105182,FRATL34f7e4fd-ea01-402e-95ed-1a92fedd4a39
FRATLEHYC15022BZ0989A1,FRATL99d24794-f778-46e6-8171-555bab3a25c4
FRATLE104371,FRATL5152fed1-8794-4df8-9bed-55deef54d319
FRATLE004141,FRATLe06972d7-a9e5-45f3-b044-5a6c712110b2
FRATLE100922,FRATL34f7e4fd-ea01-402e-95ed-1a92fedd4a39
FRATLE101162,FRATL5152fed1-8794-4df8-9bed-55deef54d319
FRATLE102552,FRATL5152fed1-8794-4df8-9bed-55deef54d319
FRATLE105232,FRATL5152fed1-8794-4df8-9bed-55deef54d319
FRATLE101411,FRATL5152fed1-8794-4df8-9bed-55deef54d319
FRATLE000462,FRATL99d24794-f778-46e6-8171-555bab3a25c4
FRATLE103681,FRATL0d03b682-293f-4f8a-8444-35641b04c757
FRATLE104252,FRATL99d24794-f778-46e6-8171-555bab3a25c4
FRATLE004611,FRATLe06972d7-a9e5-45f3-b044-5a6c712110b2
FRATLE104621,FRATL5152fed1-8794-4df8-9bed-55deef54d319
FRATLE105212,FRATL99d24794-f778-46e6-8171-555bab3a25c4
FRATLE004571,FRATLe06972d7-a9e5-45f3-b044-5a6c712110b2
FRATLE100011,FRATL5152fed1-8794-4df8-9bed-55deef54d319
FRATLE001731,FRATL99d24794-f778-46e6-8171-555bab3a25c4
FRATLE003283,FRATL7263d104-13cf-4838-9a5a-2974f967fb7a
FRATLE101442,FRATL0d03b682-293f-4f8a-8444-35641b04c757
FRATLE001762,FRATL99d24794-f778-46e6-8171-555bab3a25c4
FRATLE003492,FRATL5152fed1-8794-4df8-9bed-55deef54d319
FRATLE105543,FRATL34f7e4fd-ea01-402e-95ed-1a92fedd4a39
FRATLE100851,FRATL5152fed1-8794-4df8-9bed-55deef54d319
FRATLE003293,FRATL7263d104-13cf-4838-9a5a-2974f967fb7a
FRATLE006302,FRATL99d24794-f778-46e6-8171-555bab3a25c4
FRATLE006072,FRATL99d24794-f778-46e6-8171-555bab3a25c4
FRATLE003681,FRATL99d24794-f778-46e6-8171-555bab3a25c4
FRATLE002331,FRATL99d24794-f778-46e6-8171-555bab3a25c4
FRATLE000601,FRATL99d24794-f778-46e6-8171-555bab3a25c4
FRATLE104671,FRATL34f7e4fd-ea01-402e-95ed-1a92fedd4a39
FRATLE103301,FRATL34f7e4fd-ea01-402e-95ed-1a92fedd4a39
FRATLE100672,FRATL5152fed1-8794-4df8-9bed-55deef54d319
FRATLE004561,FRATLe06972d7-a9e5-45f3-b044-5a6c712110b2
FRATLE102052,FRATL5152fed1-8794-4df8-9bed-55deef54d319
FRATLE001153,FRATL34f7e4fd-ea01-402e-95ed-1a92fedd4a39
FRATLE103652,FRATL0d03b682-293f-4f8a-8444-35641b04c757
FRATLE004551,FRATLe06972d7-a9e5-45f3-b044-5a6c712110b2
FRATLE101402,FRATL5152fed1-8794-4df8-9bed-55deef54d319
FRATLE004621,FRATLe06972d7-a9e5-45f3-b044-5a6c712110b2
FRATLE103731,FRATL5152fed1-8794-4df8-9bed-55deef54d319
FRATLE101242,FRATL5152fed1-8794-4df8-9bed-55deef54d319
FRATLE006381,FRATL99d24794-f778-46e6-8171-555bab3a25c4
FRATLE004411,FRATLe06972d7-a9e5-45f3-b044-5a6c712110b2
FRATLE005022,FRATL99d24794-f778-46e6-8171-555bab3a25c4
FRATLE002182,FRATL99d24794-f778-46e6-8171-555bab3a25c4
FRATLE102981,FRATL5152fed1-8794-4df8-9bed-55deef54d319
FRATLE104922,FRATL34f7e4fd-ea01-402e-95ed-1a92fedd4a39
FRATLE000501,FRATL99d24794-f778-46e6-8171-555bab3a25c4
FRATLE105471,FRATL99d24794-f778-46e6-8171-555bab3a25c4
FRATLE001092,FRATL5152fed1-8794-4df8-9bed-55deef54d319
FRATLEHYC15022BZ0994A1,FRATL99d24794-f778-46e6-8171-555bab3a25c4
FRATLE004594,FRATL7263d104-13cf-4838-9a5a-2974f967fb7a
FRATLE104303,FRATL34f7e4fd-ea01-402e-95ed-1a92fedd4a39
FRATLE103781,FRATL34f7e4fd-ea01-402e-95ed-1a92fedd4a39
FRATLE000772,FRATL99d24794-f778-46e6-8171-555bab3a25c4
FRATLE103292,FRATL5152fed1-8794-4df8-9bed-55deef54d319
FRATLE003691,FRATL5152fed1-8794-4df8-9bed-55deef54d319
FRATLE104362,FRATL5152fed1-8794-4df8-9bed-55deef54d319
FRATLE100912,FRATL34f7e4fd-ea01-402e-95ed-1a92fedd4a39
FRATLE006303,FRATL34f7e4fd-ea01-402e-95ed-1a92fedd4a39
FRATLE100962,FRATL5152fed1-8794-4df8-9bed-55deef54d319
FRATLE104122,FRATL99d24794-f778-46e6-8171-555bab3a25c4
FRATLE003672,FRATL99d24794-f778-46e6-8171-555bab3a25c4
FRATLE000631,FRATL99d24794-f778-46e6-8171-555bab3a25c4
FRATLE102491,FRATL34f7e4fd-ea01-402e-95ed-1a92fedd4a39
FRATLE004471,FRATL6fda9486-bb45-49e1-9b86-84b8f251a478
FRATLE003282,FRATL9ac77394-548d-470d-99d2-3866e481765c
FRATLE105191,FRATL34f7e4fd-ea01-402e-95ed-1a92fedd4a39
FRATLE005902,FRATL99d24794-f778-46e6-8171-555bab3a25c4
