Location name,evse_id,spot_connector_id,tariff_id,src_id
Aire de Service La Maxe - Autoroute A31,FR*PLN*EH003523*2,107472798,2ebde48380cea71e98303a4435b7282d,c22287d4eb8140d785467ba0d6885855_12
"Zac du, Rond-Point du Mas Rouma",FR*PLN*EH003095*3,95721456,2ebde48380cea71e98303a4435b7282d,c22287d4eb8140d785467ba0d6885855_12
Aire de Haut Forez Sud,FR*PLN*EH002126*3,98333045,6dd66b903857c8beb483a6e5eff9c565,c22287d4eb8140d785467ba0d6885855_16
"274, Avenue Joseph Gallieni",FR*PLN*EH001098*1,89210607,6dd66b903857c8beb483a6e5eff9c565,c22287d4eb8140d785467ba0d6885855_16
Les Grands Gougniots - 1 rue de Vandoeuvre,FR*PLN*EH003054*3,112175653,2ebde48380cea71e98303a4435b7282d,c22287d4eb8140d785467ba0d6885855_12
"Eni Station - 148,AVENUE DE LYON",FR*PLN*EH000883*1,76860698,6dd66b903857c8beb483a6e5eff9c565,c22287d4eb8140d785467ba0d6885855_16
Parc d’Activité Ecovert-Route de Vrigne-Meuse,FR*PLN*EH002990*3,105290087,6dd66b903857c8beb483a6e5eff9c565,c22287d4eb8140d785467ba0d6885855_16
Eni Station - 79 Route de Bischwiller,FR*PLN*EH000887*3,91688820,6dd66b903857c8beb483a6e5eff9c565,c22287d4eb8140d785467ba0d6885855_16
Haut Forez Nord - Autoroute A89,FR*PLN*EH002129*2,98332964,2ebde48380cea71e98303a4435b7282d,c22287d4eb8140d785467ba0d6885855_12
Eni Station - 79 Route de Bischwiller,FR*PLN*EH000887*2,91688819,6dd66b903857c8beb483a6e5eff9c565,c22287d4eb8140d785467ba0d6885855_16
Haut Forez Nord - Autoroute A89,FR*PLN*EH002218*3,98332940,2ebde48380cea71e98303a4435b7282d,c22287d4eb8140d785467ba0d6885855_12
Av. des Eaux Blanches,FR*PLN*EH002255*3,98332927,2ebde48380cea71e98303a4435b7282d,c22287d4eb8140d785467ba0d6885855_12
"Eni Station - Autoroute de la Maurienne, A43",FR*PLN*EH000743*2,59011845,2ebde48380cea71e98303a4435b7282d,c22287d4eb8140d785467ba0d6885855_12
20 route Nationale,FR*PLN*EH003258*3,116191056,6dd66b903857c8beb483a6e5eff9c565,c22287d4eb8140d785467ba0d6885855_16
Eni Station - 61 Av. de Genève,FR*PLN*EH000739*3,95446563,2ebde48380cea71e98303a4435b7282d,c22287d4eb8140d785467ba0d6885855_12
Eni Station - 42 Route d'Ingersheim,FR*PLN*EH000894*2,91688828,6dd66b903857c8beb483a6e5eff9c565,c22287d4eb8140d785467ba0d6885855_16
ZAC de Pontillault - Lieu dit les Berchères,FR*PLN*EH003057*2,105455162,2ebde48380cea71e98303a4435b7282d,c22287d4eb8140d785467ba0d6885855_12
ZAC de Pontillault - Lieu dit les Berchères,FR*PLN*EE008112*1,105455160,6cbc5be5a4297a08bed9bc8816d8310c,c22287d4eb8140d785467ba0d6885855_9
Parc d’Activité Ecovert-Route de Vrigne-Meuse,FR*PLN*EH002990*1,105290091,6dd66b903857c8beb483a6e5eff9c565,c22287d4eb8140d785467ba0d6885855_16
"D103, La Gueuse",FR*PLN*EH001124*3,104708216,6dd66b903857c8beb483a6e5eff9c565,c22287d4eb8140d785467ba0d6885855_16
Rue de la Fosse Benate - Tangentielle RN60,FR*PLN*EH003052*1,107468023,2ebde48380cea71e98303a4435b7282d,c22287d4eb8140d785467ba0d6885855_12
"Logis Hôtel le Capricorne, Av. Hubert Ruffe",FR*PLN*EH001183*1,81933454,6dd66b903857c8beb483a6e5eff9c565,c22287d4eb8140d785467ba0d6885855_16
Chemin du Vieux Château - Lieudit La Provende,FR*PLN*EH002658*1,98332729,3f011f8ce2ce43039d4392d6014c84c1,c22287d4eb8140d785467ba0d6885855_10
Eni Station - 19 BIS AVE BERTHELOT,FR*PLN*EH003099*1,92474087,6dd66b903857c8beb483a6e5eff9c565,c22287d4eb8140d785467ba0d6885855_16
Rue de l'Aubépine,FR*PLN*EH003102*2,110013834,6dd66b903857c8beb483a6e5eff9c565,c22287d4eb8140d785467ba0d6885855_16
49 Rte de Saint-Pourçain,FR*PLN*EE007726*1,91688875,6cbc5be5a4297a08bed9bc8816d8310c,c22287d4eb8140d785467ba0d6885855_9
Aire de Haut Forez Sud,FR*PLN*EH002112*1,109733307,2ebde48380cea71e98303a4435b7282d,c22287d4eb8140d785467ba0d6885855_12
3 rue de l'artisanat,FR*PLN*EE008088*1,104888723,6cbc5be5a4297a08bed9bc8816d8310c,c22287d4eb8140d785467ba0d6885855_9
Av. Santos Dumont,FR*PLN*EH001155*2,81933460,2ebde48380cea71e98303a4435b7282d,c22287d4eb8140d785467ba0d6885855_12
"ZAC des Charmes, Avenue de L'Europe",FR*PLN*EH003265*2,130162323,2ebde48380cea71e98303a4435b7282d,c22287d4eb8140d785467ba0d6885855_12
Aire de Souchez - A26,FR*PLN*EH003147*3,129398004,2ebde48380cea71e98303a4435b7282d,c22287d4eb8140d785467ba0d6885855_12
"1, Les Vernes",FR*PLN*EH000997*2,115924055,6dd66b903857c8beb483a6e5eff9c565,c22287d4eb8140d785467ba0d6885855_16
Eni Station - 114-116 Rue des Aciéries,FR*PLN*EH000733*2,82170688,2ebde48380cea71e98303a4435b7282d,c22287d4eb8140d785467ba0d6885855_12
Eni Station - 114-116 Rue des Aciéries,FR*PLN*EH000737*2,82170691,2ebde48380cea71e98303a4435b7282d,c22287d4eb8140d785467ba0d6885855_12
"1, Les Vernes",FR*PLN*EH000997*1,115924054,6dd66b903857c8beb483a6e5eff9c565,c22287d4eb8140d785467ba0d6885855_16
Aire de Service La Maxe - Autoroute A31,FR*PLN*EH003087*2,107472797,2ebde48380cea71e98303a4435b7282d,c22287d4eb8140d785467ba0d6885855_12
Eni Station - RUE ADRIEN FAYOLLE,FR*PLN*EH000594*3,70377257,6dd66b903857c8beb483a6e5eff9c565,c22287d4eb8140d785467ba0d6885855_16
Eni Station - ZAC DU CHAMP ST ANGE,FR*PLN*EH001103*3,83113491,6dd66b903857c8beb483a6e5eff9c565,c22287d4eb8140d785467ba0d6885855_16
Aire de Service Trementines,FR*PLN*EH003084*3,98333088,2ebde48380cea71e98303a4435b7282d,c22287d4eb8140d785467ba0d6885855_12
Chaumont-sur-Tharonne,FR*PLN*EH001594*1,95531352,ebca4abaea071b612ebaeb5fd7b8fb8c,e11d9f9257dc455fbf47af8913eb26df_104
Les Grands Gougniots - 1 rue de Vandoeuvre,FR*PLN*EE008155*1,112175661,6cbc5be5a4297a08bed9bc8816d8310c,c22287d4eb8140d785467ba0d6885855_9
Rue de Moulin Gillier,FR*PLN*EH001089*1,98332601,6dd66b903857c8beb483a6e5eff9c565,c22287d4eb8140d785467ba0d6885855_16
Eni Station - ROUTE DE PEZENAS,FR*PLN*EH000560*1,77427631,6dd66b903857c8beb483a6e5eff9c565,c22287d4eb8140d785467ba0d6885855_16
Eni Station - 114-116 Rue des Aciéries,FR*PLN*EH000737*3,82170689,2ebde48380cea71e98303a4435b7282d,c22287d4eb8140d785467ba0d6885855_12
Aire de Haut Forez Sud,FR*PLN*EH003233*2,109733323,2ebde48380cea71e98303a4435b7282d,c22287d4eb8140d785467ba0d6885855_12
3 rue de l'artisanat,FR*PLN*EH003061*2,104888720,2ebde48380cea71e98303a4435b7282d,c22287d4eb8140d785467ba0d6885855_12
Avenue Edouard Herriot,FR*PLN*EH003096*1,98332595,2ebde48380cea71e98303a4435b7282d,c22287d4eb8140d785467ba0d6885855_12
"Eni Station - Aire de Thouars, A630",FR*PLN*EH001593*2,107215284,6dd66b903857c8beb483a6e5eff9c565,c22287d4eb8140d785467ba0d6885855_16
Eni Station - 51 Rue de Remiremont,FR*PLN*EH000536*3,79049975,2ebde48380cea71e98303a4435b7282d,c22287d4eb8140d785467ba0d6885855_12
Eni Station - BOULEVARD PONTIFFROY,FR*PLN*EH000535*3,76688336,6dd66b903857c8beb483a6e5eff9c565,c22287d4eb8140d785467ba0d6885855_16
"4, Avenue du Centre Commercial",FR*PLN*EH002335*2,98332233,135bcc1691bef59b61232d4743742e37,c22287d4eb8140d785467ba0d6885855_14
ZAC du Clos neuf - 6 rue Denis Papin,FR*PLN*EH002971*2,115312100,6dd66b903857c8beb483a6e5eff9c565,c22287d4eb8140d785467ba0d6885855_16
Chaumont-sur-Tharonne,FR*PLN*EH001596*2,95531359,ebca4abaea071b612ebaeb5fd7b8fb8c,e11d9f9257dc455fbf47af8913eb26df_104
Eni Station - BOULEVARD PONTIFFROY,FR*PLN*EH000535*1,76688337,6dd66b903857c8beb483a6e5eff9c565,c22287d4eb8140d785467ba0d6885855_16
Eni Station - 20 - 22 ROUTE DE ST ANTOINE,FR*PLN*EH000549*2,89210500,6dd66b903857c8beb483a6e5eff9c565,c22287d4eb8140d785467ba0d6885855_16
Haut Forez Nord - Autoroute A89,FR*PLN*EH002129*4,98332944,2ebde48380cea71e98303a4435b7282d,c22287d4eb8140d785467ba0d6885855_12
Eni Station - 5 Av. Jean Perrot,FR*PLN*EH000742*3,102403139,6dd66b903857c8beb483a6e5eff9c565,c22287d4eb8140d785467ba0d6885855_16
Aire de Haut Forez Sud,FR*PLN*EH003242*3,109733303,2ebde48380cea71e98303a4435b7282d,c22287d4eb8140d785467ba0d6885855_12
Route de Caen- D513 - Le Moulin du Prés,FR*PLN*EH002980*1,115312108,6dd66b903857c8beb483a6e5eff9c565,c22287d4eb8140d785467ba0d6885855_16
ZAC de Pontillault - Lieu dit les Berchères,FR*PLN*EH003057*1,105455166,2ebde48380cea71e98303a4435b7282d,c22287d4eb8140d785467ba0d6885855_12
"ZAE la Ginieisse, Rte de Bessan",FR*PLN*EH001598*1,101562970,6dd66b903857c8beb483a6e5eff9c565,c22287d4eb8140d785467ba0d6885855_16
"445 Rue Gustave Eiffel, 11000 Carcassonne",FR*PLN*EH001597*2,98332436,6dd66b903857c8beb483a6e5eff9c565,c22287d4eb8140d785467ba0d6885855_16
Eni Station - 61 Av. de Genève,FR*PLN*EH000739*1,95446567,2ebde48380cea71e98303a4435b7282d,c22287d4eb8140d785467ba0d6885855_12
Eni Station - BOULEVARD PONTIFFROY,FR*PLN*EH000535*2,76688338,6dd66b903857c8beb483a6e5eff9c565,c22287d4eb8140d785467ba0d6885855_16
Haut Forez Nord - Autoroute A89,FR*PLN*EH002599*2,98332954,2ebde48380cea71e98303a4435b7282d,c22287d4eb8140d785467ba0d6885855_12
Eni Station - 42 Route d'Ingersheim,FR*PLN*EH000889*1,91688827,6dd66b903857c8beb483a6e5eff9c565,c22287d4eb8140d785467ba0d6885855_16
Eni Station - 38-40 Av. du Roussillon,FR*PLN*EH001071*2,77912972,6dd66b903857c8beb483a6e5eff9c565,c22287d4eb8140d785467ba0d6885855_16
1935 Av. d'Espagne,FR*PLN*EH002254*3,99521410,2ebde48380cea71e98303a4435b7282d,c22287d4eb8140d785467ba0d6885855_12
1935 Av. d'Espagne,FR*PLN*EH002254*1,99521414,2ebde48380cea71e98303a4435b7282d,c22287d4eb8140d785467ba0d6885855_12
Route du 17 Octobre 1961,FR*PLN*EH001096*1,98332458,2ebde48380cea71e98303a4435b7282d,c22287d4eb8140d785467ba0d6885855_12
Chemin du Vieux Château - Lieudit La Provende,FR*PLN*EH002215*3,98332734,2ebde48380cea71e98303a4435b7282d,c22287d4eb8140d785467ba0d6885855_12
La Combe,FR*PLN*EH002220*2,98332724,2ebde48380cea71e98303a4435b7282d,c22287d4eb8140d785467ba0d6885855_12
Eni Station - 32 Av. Rhin et Danube,FR*PLN*EH000740*3,101496546,6dd66b903857c8beb483a6e5eff9c565,c22287d4eb8140d785467ba0d6885855_16
Eni Station - 75 ROUTE DE MONTCENIS,FR*PLN*EH000886*2,82556796,6dd66b903857c8beb483a6e5eff9c565,c22287d4eb8140d785467ba0d6885855_16
3 rue de l'artisanat,FR*PLN*EE008088*2,104888719,6cbc5be5a4297a08bed9bc8816d8310c,c22287d4eb8140d785467ba0d6885855_9
"Avenue Jean Moos, ZI La Gaieté",FR*PLN*EH001837*1,89003206,135bcc1691bef59b61232d4743742e37,c22287d4eb8140d785467ba0d6885855_14
"445 Rue Gustave Eiffel, 11000 Carcassonne",FR*PLN*EH003097*3,98332435,6dd66b903857c8beb483a6e5eff9c565,c22287d4eb8140d785467ba0d6885855_16
"Eni Station - Aire de Thouars, A630",FR*PLN*EH001592*2,107215282,6dd66b903857c8beb483a6e5eff9c565,c22287d4eb8140d785467ba0d6885855_16
39 Route de Pont de Briques,FR*PLN*EH003047*3,119913702,2ebde48380cea71e98303a4435b7282d,c22287d4eb8140d785467ba0d6885855_12
"ZAC des Charmes, Avenue de L'Europe",FR*PLN*EH002981*2,130162331,2ebde48380cea71e98303a4435b7282d,c22287d4eb8140d785467ba0d6885855_12
"4, Avenue du Centre Commercial",FR*PLN*EH001097*2,98332231,6dd66b903857c8beb483a6e5eff9c565,c22287d4eb8140d785467ba0d6885855_16
1935 Av. d'Espagne,FR*PLN*EH002254*2,99521417,2ebde48380cea71e98303a4435b7282d,c22287d4eb8140d785467ba0d6885855_12
Eni Station - ROUTE DE LYON,FR*PLN*EH000736*2,77427626,6dd66b903857c8beb483a6e5eff9c565,c22287d4eb8140d785467ba0d6885855_16
Eni Station - 131 RUE JOLIOT CURIE,FR*PLN*EH000563*3,70363908,6dd66b903857c8beb483a6e5eff9c565,c22287d4eb8140d785467ba0d6885855_16
Aire de Service La Maxe - Autoroute A31,FR*PLN*EH003087*1,107472796,2ebde48380cea71e98303a4435b7282d,c22287d4eb8140d785467ba0d6885855_12
Aire de Service Trementines,FR*PLN*EH003082*1,98333086,2ebde48380cea71e98303a4435b7282d,c22287d4eb8140d785467ba0d6885855_12
"ZAC des Charmes, Avenue de L'Europe",FR*PLN*EH002981*3,130162329,2ebde48380cea71e98303a4435b7282d,c22287d4eb8140d785467ba0d6885855_12
"102, Avenue d'Auvergne",FR*PLN*EH002314*1,111489037,135bcc1691bef59b61232d4743742e37,c22287d4eb8140d785467ba0d6885855_14
Eni Station - 51 Rue de Remiremont,FR*PLN*EH000547*3,79049976,2ebde48380cea71e98303a4435b7282d,c22287d4eb8140d785467ba0d6885855_12
Chaumont-sur-Tharonne,FR*PLN*EH001584*1,95531360,ebca4abaea071b612ebaeb5fd7b8fb8c,e11d9f9257dc455fbf47af8913eb26df_104
ZAC de Pontillault - Lieu dit les Berchères,FR*PLN*EH003059*3,105455165,2ebde48380cea71e98303a4435b7282d,c22287d4eb8140d785467ba0d6885855_12
Chemin de Giraud,FR*PLN*EH002353*1,101496576,135bcc1691bef59b61232d4743742e37,c22287d4eb8140d785467ba0d6885855_14
"33, Avenue Maréchal Juin",FR*PLN*EH001839*2,84258100,135bcc1691bef59b61232d4743742e37,c22287d4eb8140d785467ba0d6885855_14
Route de Charlieu ZI,FR*PLN*EH001088*3,99521358,6dd66b903857c8beb483a6e5eff9c565,c22287d4eb8140d785467ba0d6885855_16
"ZAE la Ginieisse, Rte de Bessan",FR*PLN*EH001590*3,101562973,6dd66b903857c8beb483a6e5eff9c565,c22287d4eb8140d785467ba0d6885855_16
Parc d’Activité Ecovert-Route de Vrigne-Meuse,FR*PLN*EH002990*2,105290090,6dd66b903857c8beb483a6e5eff9c565,c22287d4eb8140d785467ba0d6885855_16
Eni Station - 26 CHEMIN DE STE MARTHE,FR*PLN*EH000891*1,76750850,6dd66b903857c8beb483a6e5eff9c565,c22287d4eb8140d785467ba0d6885855_16
39 Route de Pont de Briques,FR*PLN*EH003284*1,119913700,2ebde48380cea71e98303a4435b7282d,c22287d4eb8140d785467ba0d6885855_12
Aire de Souchez - A26,FR*PLN*EH003147*2,115824409,2ebde48380cea71e98303a4435b7282d,c22287d4eb8140d785467ba0d6885855_12
Chemin du Vieux Château - Lieudit La Provende,FR*PLN*EH002658*2,98332728,3f011f8ce2ce43039d4392d6014c84c1,c22287d4eb8140d785467ba0d6885855_10
Eni Station - 620 RUE DAVID,FR*PLN*EH000597*3,77327788,6dd66b903857c8beb483a6e5eff9c565,c22287d4eb8140d785467ba0d6885855_16
Eni Station - Av. de Lattre de Tassigny 67,FR*PLN*EH000888*2,103434415,6dd66b903857c8beb483a6e5eff9c565,c22287d4eb8140d785467ba0d6885855_16
1935 Av. d'Espagne,FR*PLN*EH002119*2,99521411,2ebde48380cea71e98303a4435b7282d,c22287d4eb8140d785467ba0d6885855_12
ZA Les Granges - Rue de Laplatte,FR*PLN*EH002319*2,85917192,135bcc1691bef59b61232d4743742e37,c22287d4eb8140d785467ba0d6885855_14
"154 Impasse de, La Grande Grange",FR*PLN*EH000963*2,77814837,2ebde48380cea71e98303a4435b7282d,c22287d4eb8140d785467ba0d6885855_12
Chaumont-sur-Tharonne,FR*PLN*EH001585*2,95531356,ebca4abaea071b612ebaeb5fd7b8fb8c,e11d9f9257dc455fbf47af8913eb26df_104
Haut Forez Nord - Autoroute A89,FR*PLN*EH002249*2,98332966,2ebde48380cea71e98303a4435b7282d,c22287d4eb8140d785467ba0d6885855_12
"Zac du, Rond-Point du Mas Rouma",FR*PLN*EE007240*1,95721459,6cbc5be5a4297a08bed9bc8816d8310c,c22287d4eb8140d785467ba0d6885855_9
Rue Louis Delage,FR*PLN*EE008109*2,98333081,6cbc5be5a4297a08bed9bc8816d8310c,c22287d4eb8140d785467ba0d6885855_9
Eni Station - RN 7 La Tuilerie,FR*PLN*EH001083*3,125204460,6dd66b903857c8beb483a6e5eff9c565,c22287d4eb8140d785467ba0d6885855_16
Eni Station - 171-173 BD ST LOUP,FR*PLN*EH000881*1,76750855,6dd66b903857c8beb483a6e5eff9c565,c22287d4eb8140d785467ba0d6885855_16
Chaumont-sur-Tharonne,FR*PLN*EH001594*2,95531344,ebca4abaea071b612ebaeb5fd7b8fb8c,e11d9f9257dc455fbf47af8913eb26df_104
"Eni Station - Aire de Thouars, A630",FR*PLN*EH001593*1,107215286,6dd66b903857c8beb483a6e5eff9c565,c22287d4eb8140d785467ba0d6885855_16
Av. Santos Dumont,FR*PLN*EH001155*1,81933467,2ebde48380cea71e98303a4435b7282d,c22287d4eb8140d785467ba0d6885855_12
Route de Coubon - ZI Clos de Corsac,FR*PLN*EH000912*3,98332715,6dd66b903857c8beb483a6e5eff9c565,c22287d4eb8140d785467ba0d6885855_16
49 Rte de Saint-Pourçain,FR*PLN*EH001099*2,93920572,2ebde48380cea71e98303a4435b7282d,c22287d4eb8140d785467ba0d6885855_12
Aire de Haut Forez Sud,FR*PLN*EH002122*1,98333042,6dd66b903857c8beb483a6e5eff9c565,c22287d4eb8140d785467ba0d6885855_16
Eni Station - 114-116 Rue des Aciéries,FR*PLN*EH000733*3,82170690,2ebde48380cea71e98303a4435b7282d,c22287d4eb8140d785467ba0d6885855_12
Eni Station - 620 RUE DAVID,FR*PLN*EH000597*1,77327786,6dd66b903857c8beb483a6e5eff9c565,c22287d4eb8140d785467ba0d6885855_16
Aire de Haut Forez Sud,FR*PLN*EH002126*1,98333041,6dd66b903857c8beb483a6e5eff9c565,c22287d4eb8140d785467ba0d6885855_16
"ZAC des Charmes, Avenue de L'Europe",FR*PLN*EH002994*2,130162328,2ebde48380cea71e98303a4435b7282d,c22287d4eb8140d785467ba0d6885855_12
"ZAE la Ginieisse, Rte de Bessan",FR*PLN*EH001590*2,101562972,6dd66b903857c8beb483a6e5eff9c565,c22287d4eb8140d785467ba0d6885855_16
"102, Avenue d'Auvergne",FR*PLN*EH002314*2,111489036,135bcc1691bef59b61232d4743742e37,c22287d4eb8140d785467ba0d6885855_14
Eni Station - 4 ROUTE D'ALTENHEIM,FR*PLN*EH000562*3,77554644,6dd66b903857c8beb483a6e5eff9c565,c22287d4eb8140d785467ba0d6885855_16
Route du 17 Octobre 1961,FR*PLN*EH001096*3,98332462,2ebde48380cea71e98303a4435b7282d,c22287d4eb8140d785467ba0d6885855_12
Eni Station - 61 Av. de Genève,FR*PLN*EH000739*2,95446565,2ebde48380cea71e98303a4435b7282d,c22287d4eb8140d785467ba0d6885855_12
"Mail de l'Hippodrome, 3 avenue du",FR*PLN*EH001197*1,81933483,2ebde48380cea71e98303a4435b7282d,c22287d4eb8140d785467ba0d6885855_12
"Eni Station - Autoroute de la Maurienne, A43",FR*PLN*EH000744*2,59011848,2ebde48380cea71e98303a4435b7282d,c22287d4eb8140d785467ba0d6885855_12
Eni Station - ROUTE DE LYON,FR*PLN*EH000736*1,77427625,6dd66b903857c8beb483a6e5eff9c565,c22287d4eb8140d785467ba0d6885855_16
Eni Station - 20 - 22 ROUTE DE ST ANTOINE,FR*PLN*EH000738*3,89210497,6dd66b903857c8beb483a6e5eff9c565,c22287d4eb8140d785467ba0d6885855_16
Chaumont-sur-Tharonne,FR*PLN*EH001588*2,95531345,ebca4abaea071b612ebaeb5fd7b8fb8c,e11d9f9257dc455fbf47af8913eb26df_104
"102, Avenue d'Auvergne",FR*PLN*EH002313*2,107719482,135bcc1691bef59b61232d4743742e37,c22287d4eb8140d785467ba0d6885855_14
3 rue de l'artisanat,FR*PLN*EH003068*3,104888724,2ebde48380cea71e98303a4435b7282d,c22287d4eb8140d785467ba0d6885855_12
Route de Charlieu ZI,FR*PLN*EH001088*2,99521359,6dd66b903857c8beb483a6e5eff9c565,c22287d4eb8140d785467ba0d6885855_16
49 Rte de Saint-Pourçain,FR*PLN*EH001120*3,93920575,2ebde48380cea71e98303a4435b7282d,c22287d4eb8140d785467ba0d6885855_12
"Zac du, Rond-Point du Mas Rouma",FR*PLN*EH003095*1,95721452,2ebde48380cea71e98303a4435b7282d,c22287d4eb8140d785467ba0d6885855_12
20 route Nationale,FR*PLN*EE008062*1,116191059,3909a9fc38ae3300d8a119ac3b313448,c22287d4eb8140d785467ba0d6885855_13
Eni Station - 51-55 ROUTE DE PARIS,FR*PLN*EH000595*1,70363913,6dd66b903857c8beb483a6e5eff9c565,c22287d4eb8140d785467ba0d6885855_16
Lotissement Les Mercières,FR*PLN*EH002972*2,115312128,6dd66b903857c8beb483a6e5eff9c565,c22287d4eb8140d785467ba0d6885855_16
"61, Avenue d'Andrézieux",FR*PLN*EH002357*1,98332464,135bcc1691bef59b61232d4743742e37,c22287d4eb8140d785467ba0d6885855_14
Av. Santos Dumont,FR*PLN*EE007241*2,81933461,6cbc5be5a4297a08bed9bc8816d8310c,c22287d4eb8140d785467ba0d6885855_9
Aire de Service La Maxe - Autoroute A31,FR*PLN*EH003523*1,107472800,2ebde48380cea71e98303a4435b7282d,c22287d4eb8140d785467ba0d6885855_12
Aire de Haut Forez Sud,FR*PLN*EH003242*2,109733306,2ebde48380cea71e98303a4435b7282d,c22287d4eb8140d785467ba0d6885855_12
Eni Station - 80 Route de Paris,FR*PLN*EH001068*3,80817244,2ebde48380cea71e98303a4435b7282d,c22287d4eb8140d785467ba0d6885855_12
39 Route de Pont de Briques,FR*PLN*EE008039*2,119913695,6cbc5be5a4297a08bed9bc8816d8310c,c22287d4eb8140d785467ba0d6885855_9
Haut Forez Nord - Autoroute A89,FR*PLN*EH002131*2,98332959,2ebde48380cea71e98303a4435b7282d,c22287d4eb8140d785467ba0d6885855_12
"ZAC des Charmes, Avenue de L'Europe",FR*PLN*EH003264*2,130162326,2ebde48380cea71e98303a4435b7282d,c22287d4eb8140d785467ba0d6885855_12
Aire de Haut Forez Sud,FR*PLN*EH002122*2,98333044,6dd66b903857c8beb483a6e5eff9c565,c22287d4eb8140d785467ba0d6885855_16
Aire de Haut Forez Sud,FR*PLN*EH002126*2,98333046,6dd66b903857c8beb483a6e5eff9c565,c22287d4eb8140d785467ba0d6885855_16
11 Rue des Prairies,FR*PLN*EH002214*3,105290067,2ebde48380cea71e98303a4435b7282d,c22287d4eb8140d785467ba0d6885855_12
39 Route de Pont de Briques,FR*PLN*EH003047*1,119913708,2ebde48380cea71e98303a4435b7282d,c22287d4eb8140d785467ba0d6885855_12
ZAC de Pontillault - Lieu dit les Berchères,FR*PLN*EH003059*1,105455164,2ebde48380cea71e98303a4435b7282d,c22287d4eb8140d785467ba0d6885855_12
"Zac du, Rond-Point du Mas Rouma",FR*PLN*EH002492*1,95721453,3f011f8ce2ce43039d4392d6014c84c1,c22287d4eb8140d785467ba0d6885855_10
"Logis Hôtel le Capricorne, Av. Hubert Ruffe",FR*PLN*EH002500*2,81933453,135bcc1691bef59b61232d4743742e37,c22287d4eb8140d785467ba0d6885855_14
Eni Station - 51 Rue de Remiremont,FR*PLN*EH000541*2,80620506,2ebde48380cea71e98303a4435b7282d,c22287d4eb8140d785467ba0d6885855_12
"445 Rue Gustave Eiffel, 11000 Carcassonne",FR*PLN*EH001597*1,98332434,6dd66b903857c8beb483a6e5eff9c565,c22287d4eb8140d785467ba0d6885855_16
"1177, Route de Digoin",FR*PLN*EH002108*1,104888712,2ebde48380cea71e98303a4435b7282d,c22287d4eb8140d785467ba0d6885855_12
Rue Louis Delage,FR*PLN*EH002123*2,98333084,2ebde48380cea71e98303a4435b7282d,c22287d4eb8140d785467ba0d6885855_12
Eni Station - 38-40 Av. du Roussillon,FR*PLN*EH001072*1,77912973,6dd66b903857c8beb483a6e5eff9c565,c22287d4eb8140d785467ba0d6885855_16
ZAC de Pontillault - Lieu dit les Berchères,FR*PLN*EH003057*3,105455163,2ebde48380cea71e98303a4435b7282d,c22287d4eb8140d785467ba0d6885855_12
Rue de la Fosse Benate - Tangentielle RN60,FR*PLN*EH003053*3,107468024,2ebde48380cea71e98303a4435b7282d,c22287d4eb8140d785467ba0d6885855_12
Chaumont-sur-Tharonne,FR*PLN*EH001595*1,95531362,ebca4abaea071b612ebaeb5fd7b8fb8c,e11d9f9257dc455fbf47af8913eb26df_104
Chaumont-sur-Tharonne,FR*PLN*EH001585*3,95531338,ebca4abaea071b612ebaeb5fd7b8fb8c,e11d9f9257dc455fbf47af8913eb26df_104
Aire de Haut Forez Sud,FR*PLN*EH002109*1,109733319,2ebde48380cea71e98303a4435b7282d,c22287d4eb8140d785467ba0d6885855_12
Route de Coubon - ZI Clos de Corsac,FR*PLN*EH000912*1,98332712,6dd66b903857c8beb483a6e5eff9c565,c22287d4eb8140d785467ba0d6885855_16
"445 Rue Gustave Eiffel, 11000 Carcassonne",FR*PLN*EH003097*1,98332433,6dd66b903857c8beb483a6e5eff9c565,c22287d4eb8140d785467ba0d6885855_16
ZAC du Clos neuf - 6 rue Denis Papin,FR*PLN*EH002971*3,115312099,6dd66b903857c8beb483a6e5eff9c565,c22287d4eb8140d785467ba0d6885855_16
Chaumont-sur-Tharonne,FR*PLN*EH001596*3,95531357,ebca4abaea071b612ebaeb5fd7b8fb8c,e11d9f9257dc455fbf47af8913eb26df_104
Chemin du Vieux Château - Lieudit La Provende,FR*PLN*EH002674*2,98332730,3f011f8ce2ce43039d4392d6014c84c1,c22287d4eb8140d785467ba0d6885855_10
Eni Station - RN 433,FR*PLN*EH000741*2,77427633,6dd66b903857c8beb483a6e5eff9c565,c22287d4eb8140d785467ba0d6885855_16
Chaumont-sur-Tharonne,FR*PLN*EH001587*1,95531347,ebca4abaea071b612ebaeb5fd7b8fb8c,e11d9f9257dc455fbf47af8913eb26df_104
Chaumont-sur-Tharonne,FR*PLN*EH001587*2,95531341,ebca4abaea071b612ebaeb5fd7b8fb8c,e11d9f9257dc455fbf47af8913eb26df_104
"D103, La Gueuse",FR*PLN*EH001124*2,104708218,6dd66b903857c8beb483a6e5eff9c565,c22287d4eb8140d785467ba0d6885855_16
Lotissement Les Mercières,FR*PLN*EE007238*2,115312131,3909a9fc38ae3300d8a119ac3b313448,c22287d4eb8140d785467ba0d6885855_13
"ZAC des Charmes, Avenue de L'Europe",FR*PLN*EH003265*1,130162332,2ebde48380cea71e98303a4435b7282d,c22287d4eb8140d785467ba0d6885855_12
Haut Forez Nord - Autoroute A89,FR*PLN*EH002129*1,98332938,2ebde48380cea71e98303a4435b7282d,c22287d4eb8140d785467ba0d6885855_12
"445 Rue Gustave Eiffel, 11000 Carcassonne",FR*PLN*EH003097*2,98332432,6dd66b903857c8beb483a6e5eff9c565,c22287d4eb8140d785467ba0d6885855_16
Chemin de Giraud,FR*PLN*EH003098*1,101496577,6dd66b903857c8beb483a6e5eff9c565,c22287d4eb8140d785467ba0d6885855_16
39 Route de Pont de Briques,FR*PLN*EH002977*1,119913707,2ebde48380cea71e98303a4435b7282d,c22287d4eb8140d785467ba0d6885855_12
Eni Station - ZAC DU CHAMP ST ANGE,FR*PLN*EH001103*2,83113493,6dd66b903857c8beb483a6e5eff9c565,c22287d4eb8140d785467ba0d6885855_16
Les Grands Gougniots - 1 rue de Vandoeuvre,FR*PLN*EH002915*3,112175660,2ebde48380cea71e98303a4435b7282d,c22287d4eb8140d785467ba0d6885855_12
Eni Station - 61 AVENUE STE MARGUERITE,FR*PLN*EH001082*3,89210493,6dd66b903857c8beb483a6e5eff9c565,c22287d4eb8140d785467ba0d6885855_16
Aire de Haut Forez Sud,FR*PLN*EH003230*1,109733302,2ebde48380cea71e98303a4435b7282d,c22287d4eb8140d785467ba0d6885855_12
Route du 17 Octobre 1961,FR*PLN*EH002364*2,98332460,3f011f8ce2ce43039d4392d6014c84c1,c22287d4eb8140d785467ba0d6885855_10
Aire de Haut Forez Sud,FR*PLN*EH003228*2,109733311,2ebde48380cea71e98303a4435b7282d,c22287d4eb8140d785467ba0d6885855_12
39 Route de Pont de Briques,FR*PLN*EH003284*2,119913697,2ebde48380cea71e98303a4435b7282d,c22287d4eb8140d785467ba0d6885855_12
"274, Avenue Joseph Gallieni",FR*PLN*EH001098*2,89210606,6dd66b903857c8beb483a6e5eff9c565,c22287d4eb8140d785467ba0d6885855_16
Av. des Eaux Blanches,FR*PLN*EE008087*1,98332928,6cbc5be5a4297a08bed9bc8816d8310c,c22287d4eb8140d785467ba0d6885855_9
"102, Avenue d'Auvergne",FR*PLN*EH002313*1,107719481,135bcc1691bef59b61232d4743742e37,c22287d4eb8140d785467ba0d6885855_14
Aire de Haut Forez Sud,FR*PLN*EH003237*3,109733329,2ebde48380cea71e98303a4435b7282d,c22287d4eb8140d785467ba0d6885855_12
Chaumont-sur-Tharonne,FR*PLN*EH001594*3,95531343,ebca4abaea071b612ebaeb5fd7b8fb8c,e11d9f9257dc455fbf47af8913eb26df_104
La Combe,FR*PLN*EH002248*3,98332720,2ebde48380cea71e98303a4435b7282d,c22287d4eb8140d785467ba0d6885855_12
Eni Station - 620 RUE DAVID,FR*PLN*EH000597*2,77327787,6dd66b903857c8beb483a6e5eff9c565,c22287d4eb8140d785467ba0d6885855_16
Aire de Haut Forez Sud,FR*PLN*EH003230*3,109733316,2ebde48380cea71e98303a4435b7282d,c22287d4eb8140d785467ba0d6885855_12
49 Rte de Saint-Pourçain,FR*PLN*EH001099*1,93920574,2ebde48380cea71e98303a4435b7282d,c22287d4eb8140d785467ba0d6885855_12
Eni Station - 19 BIS AVE BERTHELOT,FR*PLN*EH003099*3,92474089,6dd66b903857c8beb483a6e5eff9c565,c22287d4eb8140d785467ba0d6885855_16
"445 Rue Gustave Eiffel, 11000 Carcassonne",FR*PLN*EH001597*3,98332437,6dd66b903857c8beb483a6e5eff9c565,c22287d4eb8140d785467ba0d6885855_16
Aire de Haut Forez Sud,FR*PLN*EH003242*1,109733326,2ebde48380cea71e98303a4435b7282d,c22287d4eb8140d785467ba0d6885855_12
Aire de Service Trementines,FR*PLN*EH003084*1,98333087,2ebde48380cea71e98303a4435b7282d,c22287d4eb8140d785467ba0d6885855_12
"ZAC des Charmes, Avenue de L'Europe",FR*PLN*EH002994*1,130162333,2ebde48380cea71e98303a4435b7282d,c22287d4eb8140d785467ba0d6885855_12
"Mail de l'Hippodrome, 3 avenue du",FR*PLN*EE007260*2,81933474,6cbc5be5a4297a08bed9bc8816d8310c,c22287d4eb8140d785467ba0d6885855_9
"1177, Route de Digoin",FR*PLN*EH002108*2,104888705,2ebde48380cea71e98303a4435b7282d,c22287d4eb8140d785467ba0d6885855_12
Rue Louis Delage,FR*PLN*EH002123*3,98333085,2ebde48380cea71e98303a4435b7282d,c22287d4eb8140d785467ba0d6885855_12
Haut Forez Nord - Autoroute A89,FR*PLN*EH002125*1,98332943,2ebde48380cea71e98303a4435b7282d,c22287d4eb8140d785467ba0d6885855_12
Haut Forez Nord - Autoroute A89,FR*PLN*EH002599*1,98332952,2ebde48380cea71e98303a4435b7282d,c22287d4eb8140d785467ba0d6885855_12
Aire de Service Trementines,FR*PLN*EH003082*3,98333095,2ebde48380cea71e98303a4435b7282d,c22287d4eb8140d785467ba0d6885855_12
Aire de Service Trementines,FR*PLN*EH003083*2,98333091,2ebde48380cea71e98303a4435b7282d,c22287d4eb8140d785467ba0d6885855_12
Eni Station - 40 AVENUE JEAN JAURES,FR*PLN*EH000882*3,80817203,6dd66b903857c8beb483a6e5eff9c565,c22287d4eb8140d785467ba0d6885855_16
Haut Forez Nord - Autoroute A89,FR*PLN*EH002110*3,98332951,2ebde48380cea71e98303a4435b7282d,c22287d4eb8140d785467ba0d6885855_12
Avenue Edouard Herriot,FR*PLN*EH003101*1,98332598,2ebde48380cea71e98303a4435b7282d,c22287d4eb8140d785467ba0d6885855_12
Haut Forez Nord - Autoroute A89,FR*PLN*EH002249*3,98332961,2ebde48380cea71e98303a4435b7282d,c22287d4eb8140d785467ba0d6885855_12
La Combe,FR*PLN*EH002248*1,98332722,2ebde48380cea71e98303a4435b7282d,c22287d4eb8140d785467ba0d6885855_12
Chemin du Vieux Château - Lieudit La Provende,FR*PLN*EH002252*1,98332732,2ebde48380cea71e98303a4435b7282d,c22287d4eb8140d785467ba0d6885855_12
Eni Station - 61 Av. de Genève,FR*PLN*EH001076*3,95446569,2ebde48380cea71e98303a4435b7282d,c22287d4eb8140d785467ba0d6885855_12
Chaumont-sur-Tharonne,FR*PLN*EH001584*3,95531337,ebca4abaea071b612ebaeb5fd7b8fb8c,e11d9f9257dc455fbf47af8913eb26df_104
"Eni Station - Autoroute de la Maurienne, A43",FR*PLN*EH000884*3,59011851,2ebde48380cea71e98303a4435b7282d,c22287d4eb8140d785467ba0d6885855_12
Haut Forez Nord - Autoroute A89,FR*PLN*EH002110*2,98332958,2ebde48380cea71e98303a4435b7282d,c22287d4eb8140d785467ba0d6885855_12
Eni Station - 51 Rue de Remiremont,FR*PLN*EH000536*1,79049977,2ebde48380cea71e98303a4435b7282d,c22287d4eb8140d785467ba0d6885855_12
"Eni Station - Aire de Thouars, A630",FR*PLN*EH001592*3,107215281,6dd66b903857c8beb483a6e5eff9c565,c22287d4eb8140d785467ba0d6885855_16
Eni Station - 20 -22 AVENUE MONOT,FR*PLN*EH000939*1,76860700,6dd66b903857c8beb483a6e5eff9c565,c22287d4eb8140d785467ba0d6885855_16
Aire de Haut Forez Sud,FR*PLN*EH003228*1,109733327,2ebde48380cea71e98303a4435b7282d,c22287d4eb8140d785467ba0d6885855_12
Eni Station - 131 RUE JOLIOT CURIE,FR*PLN*EH000563*1,70363910,6dd66b903857c8beb483a6e5eff9c565,c22287d4eb8140d785467ba0d6885855_16
Eni Station - 80 Route de Paris,FR*PLN*EH001069*2,80817247,2ebde48380cea71e98303a4435b7282d,c22287d4eb8140d785467ba0d6885855_12
"61, Avenue d'Andrézieux",FR*PLN*EH002357*2,98332465,135bcc1691bef59b61232d4743742e37,c22287d4eb8140d785467ba0d6885855_14
Eni Station - RN 7 La Tuilerie,FR*PLN*EH001083*1,125204463,6dd66b903857c8beb483a6e5eff9c565,c22287d4eb8140d785467ba0d6885855_16
"Mail de l'Hippodrome, 3 avenue du",FR*PLN*EH001197*2,81933486,2ebde48380cea71e98303a4435b7282d,c22287d4eb8140d785467ba0d6885855_12
Eni Station - RUE ADRIEN FAYOLLE,FR*PLN*EH000591*1,70377260,6dd66b903857c8beb483a6e5eff9c565,c22287d4eb8140d785467ba0d6885855_16
1935 Av. d'Espagne,FR*PLN*EH002119*3,99521412,2ebde48380cea71e98303a4435b7282d,c22287d4eb8140d785467ba0d6885855_12
Rue de Moulin Gillier,FR*PLN*EH001089*2,98332605,6dd66b903857c8beb483a6e5eff9c565,c22287d4eb8140d785467ba0d6885855_16
Chaumont-sur-Tharonne,FR*PLN*EH001584*2,95531355,ebca4abaea071b612ebaeb5fd7b8fb8c,e11d9f9257dc455fbf47af8913eb26df_104
"Mail de l'Hippodrome, 3 avenue du",FR*PLN*EH001197*3,81933475,2ebde48380cea71e98303a4435b7282d,c22287d4eb8140d785467ba0d6885855_12
Rue de Moulin Gillier,FR*PLN*EH002356*2,98332604,135bcc1691bef59b61232d4743742e37,c22287d4eb8140d785467ba0d6885855_14
"154 Impasse de, La Grande Grange",FR*PLN*EE007405*1,77814838,6cbc5be5a4297a08bed9bc8816d8310c,c22287d4eb8140d785467ba0d6885855_9
Route de Charlieu ZI,FR*PLN*EH001088*1,99521357,6dd66b903857c8beb483a6e5eff9c565,c22287d4eb8140d785467ba0d6885855_16
La Combe,FR*PLN*EH002220*1,98332721,2ebde48380cea71e98303a4435b7282d,c22287d4eb8140d785467ba0d6885855_12
Eni Station - 32 Av. Rhin et Danube,FR*PLN*EH000740*2,101496548,6dd66b903857c8beb483a6e5eff9c565,c22287d4eb8140d785467ba0d6885855_16
Av. des Eaux Blanches,FR*PLN*EH002250*2,98332925,2ebde48380cea71e98303a4435b7282d,c22287d4eb8140d785467ba0d6885855_12
"Avenue Jean Moos, ZI La Gaieté",FR*PLN*EH001094*2,89210604,6dd66b903857c8beb483a6e5eff9c565,c22287d4eb8140d785467ba0d6885855_16
Haut Forez Nord - Autoroute A89,FR*PLN*EH002124*3,98332957,2ebde48380cea71e98303a4435b7282d,c22287d4eb8140d785467ba0d6885855_12
"Eni Station - 148,AVENUE DE LYON",FR*PLN*EH000883*2,76860697,6dd66b903857c8beb483a6e5eff9c565,c22287d4eb8140d785467ba0d6885855_16
11 Rue des Prairies,FR*PLN*EH002214*2,105290068,2ebde48380cea71e98303a4435b7282d,c22287d4eb8140d785467ba0d6885855_12
"4, Avenue du Centre Commercial",FR*PLN*EH002335*1,98332232,135bcc1691bef59b61232d4743742e37,c22287d4eb8140d785467ba0d6885855_14
Eni Station - 114-116 Rue des Aciéries,FR*PLN*EH000880*1,82170694,2ebde48380cea71e98303a4435b7282d,c22287d4eb8140d785467ba0d6885855_12
Eni Station - 5 Av. Jean Perrot,FR*PLN*EH000742*1,102403141,6dd66b903857c8beb483a6e5eff9c565,c22287d4eb8140d785467ba0d6885855_16
Route du Molay-Littry,FR*PLN*EH002953*1,107329225,6dd66b903857c8beb483a6e5eff9c565,c22287d4eb8140d785467ba0d6885855_16
Aire de Haut Forez Sud,FR*PLN*EH003240*3,109733317,2ebde48380cea71e98303a4435b7282d,c22287d4eb8140d785467ba0d6885855_12
Eni Station - RN 86 - LES SEPT CHEMINS,FR*PLN*EH000735*1,77427622,6dd66b903857c8beb483a6e5eff9c565,c22287d4eb8140d785467ba0d6885855_16
"ZAC des Charmes, Avenue de L'Europe",FR*PLN*EH003264*1,130162327,2ebde48380cea71e98303a4435b7282d,c22287d4eb8140d785467ba0d6885855_12
Eni Station - 80 Route de Paris,FR*PLN*EH001069*3,80817241,2ebde48380cea71e98303a4435b7282d,c22287d4eb8140d785467ba0d6885855_12
Eni Station - 80 Route de Paris,FR*PLN*EH001068*2,80817245,2ebde48380cea71e98303a4435b7282d,c22287d4eb8140d785467ba0d6885855_12
Avenue Edouard Herriot,FR*PLN*EH003101*3,98332594,2ebde48380cea71e98303a4435b7282d,c22287d4eb8140d785467ba0d6885855_12
Eni Station - RN 86 - LES SEPT CHEMINS,FR*PLN*EH000735*2,77427621,6dd66b903857c8beb483a6e5eff9c565,c22287d4eb8140d785467ba0d6885855_16
Haut Forez Nord - Autoroute A89,FR*PLN*EH002218*1,98332950,2ebde48380cea71e98303a4435b7282d,c22287d4eb8140d785467ba0d6885855_12
Chemin de Giraud,FR*PLN*EH003098*2,101496578,6dd66b903857c8beb483a6e5eff9c565,c22287d4eb8140d785467ba0d6885855_16
Chemin du Vieux Château - Lieudit La Provende,FR*PLN*EH002215*2,98332735,2ebde48380cea71e98303a4435b7282d,c22287d4eb8140d785467ba0d6885855_12
Eni Station - 20 -22 AVENUE MONOT,FR*PLN*EH000939*2,76860699,6dd66b903857c8beb483a6e5eff9c565,c22287d4eb8140d785467ba0d6885855_16
Eni Station - 61 Av. de Genève,FR*PLN*EH001074*3,95446571,2ebde48380cea71e98303a4435b7282d,c22287d4eb8140d785467ba0d6885855_12
Rue de la Fosse Benate - Tangentielle RN60,FR*PLN*EH003052*3,107468021,2ebde48380cea71e98303a4435b7282d,c22287d4eb8140d785467ba0d6885855_12
Eni Station - 22 AVENUE DU CLOS MOUZON,FR*PLN*EH000531*2,83677505,6dd66b903857c8beb483a6e5eff9c565,c22287d4eb8140d785467ba0d6885855_16
"D103, La Gueuse",FR*PLN*EH001124*1,104708217,6dd66b903857c8beb483a6e5eff9c565,c22287d4eb8140d785467ba0d6885855_16
Chaumont-sur-Tharonne,FR*PLN*EH001586*1,95531346,ebca4abaea071b612ebaeb5fd7b8fb8c,e11d9f9257dc455fbf47af8913eb26df_104
Aire de Service Trementines,FR*PLN*EH003082*2,98333096,2ebde48380cea71e98303a4435b7282d,c22287d4eb8140d785467ba0d6885855_12
Eni Station - ZAC DU CHAMP ST ANGE,FR*PLN*EH001103*1,83113492,6dd66b903857c8beb483a6e5eff9c565,c22287d4eb8140d785467ba0d6885855_16
"154 Impasse de, La Grande Grange",FR*PLN*EH000963*1,77814847,2ebde48380cea71e98303a4435b7282d,c22287d4eb8140d785467ba0d6885855_12
Chaumont-sur-Tharonne,FR*PLN*EH001595*2,95531354,ebca4abaea071b612ebaeb5fd7b8fb8c,e11d9f9257dc455fbf47af8913eb26df_104
"Eni Station - Autoroute de la Maurienne, A43",FR*PLN*EH000884*2,59011844,2ebde48380cea71e98303a4435b7282d,c22287d4eb8140d785467ba0d6885855_12
Eni Station - 26 CHEMIN DE STE MARTHE,FR*PLN*EH000891*3,76750851,6dd66b903857c8beb483a6e5eff9c565,c22287d4eb8140d785467ba0d6885855_16
Route du 17 Octobre 1961,FR*PLN*EH002333*1,98332459,3f011f8ce2ce43039d4392d6014c84c1,c22287d4eb8140d785467ba0d6885855_10
Parc d’Activité Ecovert-Route de Vrigne-Meuse,FR*PLN*EH002992*1,105290086,6dd66b903857c8beb483a6e5eff9c565,c22287d4eb8140d785467ba0d6885855_16
Eni Station - 80 Route de Paris,FR*PLN*EH001069*1,80817240,2ebde48380cea71e98303a4435b7282d,c22287d4eb8140d785467ba0d6885855_12
39 Route de Pont de Briques,FR*PLN*EH003284*3,119913701,2ebde48380cea71e98303a4435b7282d,c22287d4eb8140d785467ba0d6885855_12
Haut Forez Nord - Autoroute A89,FR*PLN*EH002125*2,98332949,2ebde48380cea71e98303a4435b7282d,c22287d4eb8140d785467ba0d6885855_12
Aire de Haut Forez Sud,FR*PLN*EH003232*3,109733313,2ebde48380cea71e98303a4435b7282d,c22287d4eb8140d785467ba0d6885855_12
"ZAE la Ginieisse, Rte de Bessan",FR*PLN*EH001590*1,101562968,6dd66b903857c8beb483a6e5eff9c565,c22287d4eb8140d785467ba0d6885855_16
Aire de Haut Forez Sud,FR*PLN*EH003233*3,109733310,2ebde48380cea71e98303a4435b7282d,c22287d4eb8140d785467ba0d6885855_12
"154 Impasse de, La Grande Grange",FR*PLN*EE007411*2,77814836,6cbc5be5a4297a08bed9bc8816d8310c,c22287d4eb8140d785467ba0d6885855_9
Avenue Edouard Herriot,FR*PLN*EH002316*1,98332596,3f011f8ce2ce43039d4392d6014c84c1,c22287d4eb8140d785467ba0d6885855_10
"Avenue Jean Moos, ZI La Gaieté",FR*PLN*EH001094*3,89210603,6dd66b903857c8beb483a6e5eff9c565,c22287d4eb8140d785467ba0d6885855_16
Route du Molay-Littry,FR*PLN*EH002983*3,107329221,6dd66b903857c8beb483a6e5eff9c565,c22287d4eb8140d785467ba0d6885855_16
Eni Station - ROUTE DE LYON,FR*PLN*EH000736*3,77427624,6dd66b903857c8beb483a6e5eff9c565,c22287d4eb8140d785467ba0d6885855_16
Parc d’Activité Ecovert-Route de Vrigne-Meuse,FR*PLN*EH002992*3,105290088,6dd66b903857c8beb483a6e5eff9c565,c22287d4eb8140d785467ba0d6885855_16
Avenue Edouard Herriot,FR*PLN*EH003096*2,98332593,2ebde48380cea71e98303a4435b7282d,c22287d4eb8140d785467ba0d6885855_12
11 Rue des Prairies,FR*PLN*EH002225*2,105290074,2ebde48380cea71e98303a4435b7282d,c22287d4eb8140d785467ba0d6885855_12
Eni Station - Av. de Lattre de Tassigny 67,FR*PLN*EH000888*3,103434416,6dd66b903857c8beb483a6e5eff9c565,c22287d4eb8140d785467ba0d6885855_16
Aire de Haut Forez Sud,FR*PLN*EH003234*1,109733331,2ebde48380cea71e98303a4435b7282d,c22287d4eb8140d785467ba0d6885855_12
"Eni Station - Zac De Tournezy, Rue de Montels Église",FR*PLN*EH000561*1,77427636,6dd66b903857c8beb483a6e5eff9c565,c22287d4eb8140d785467ba0d6885855_16
Av. Santos Dumont,FR*PLN*EH001178*3,81933462,2ebde48380cea71e98303a4435b7282d,c22287d4eb8140d785467ba0d6885855_12
Av. des Eaux Blanches,FR*PLN*EH002255*1,98332931,2ebde48380cea71e98303a4435b7282d,c22287d4eb8140d785467ba0d6885855_12
Chaumont-sur-Tharonne,FR*PLN*EH001588*3,95531361,ebca4abaea071b612ebaeb5fd7b8fb8c,e11d9f9257dc455fbf47af8913eb26df_104
Aire de Haut Forez Sud,FR*PLN*EH003240*1,109733332,2ebde48380cea71e98303a4435b7282d,c22287d4eb8140d785467ba0d6885855_12
Chaumont-sur-Tharonne,FR*PLN*EH001586*2,95531350,ebca4abaea071b612ebaeb5fd7b8fb8c,e11d9f9257dc455fbf47af8913eb26df_104
Eni Station - 171-173 BD ST LOUP,FR*PLN*EH000881*2,76750854,6dd66b903857c8beb483a6e5eff9c565,c22287d4eb8140d785467ba0d6885855_16
Chemin de Giraud,FR*PLN*EH002353*2,101496579,135bcc1691bef59b61232d4743742e37,c22287d4eb8140d785467ba0d6885855_14
Eni Station - RN 113,FR*PLN*EH003100*2,76750890,6dd66b903857c8beb483a6e5eff9c565,c22287d4eb8140d785467ba0d6885855_16
Eni Station - RUE ADRIEN FAYOLLE,FR*PLN*EH000591*2,70377258,6dd66b903857c8beb483a6e5eff9c565,c22287d4eb8140d785467ba0d6885855_16
Eni Station - Av. de Lattre de Tassigny 67,FR*PLN*EH000892*1,103434412,6dd66b903857c8beb483a6e5eff9c565,c22287d4eb8140d785467ba0d6885855_16
Aire de Haut Forez Sud,FR*PLN*EH002600*4,109733334,2ebde48380cea71e98303a4435b7282d,c22287d4eb8140d785467ba0d6885855_12
Rue de Moulin Gillier,FR*PLN*EH001089*3,98332603,6dd66b903857c8beb483a6e5eff9c565,c22287d4eb8140d785467ba0d6885855_16
Aire de Haut Forez Sud,FR*PLN*EH002112*3,109733309,2ebde48380cea71e98303a4435b7282d,c22287d4eb8140d785467ba0d6885855_12
Les Plaines ZAC,FR*PLN*EH002349*2,98332591,135bcc1691bef59b61232d4743742e37,c22287d4eb8140d785467ba0d6885855_14
"274, Avenue Joseph Gallieni",FR*PLN*EH001098*3,89210605,6dd66b903857c8beb483a6e5eff9c565,c22287d4eb8140d785467ba0d6885855_16
Eni Station - RN 113,FR*PLN*EH003100*3,76750888,6dd66b903857c8beb483a6e5eff9c565,c22287d4eb8140d785467ba0d6885855_16
11 Rue des Prairies,FR*PLN*EH002219*3,105290069,2ebde48380cea71e98303a4435b7282d,c22287d4eb8140d785467ba0d6885855_12
Chemin du Vieux Château - Lieudit La Provende,FR*PLN*EH002217*3,98332733,2ebde48380cea71e98303a4435b7282d,c22287d4eb8140d785467ba0d6885855_12
Eni Station - Av. de Lattre de Tassigny 67,FR*PLN*EH000892*2,103434414,6dd66b903857c8beb483a6e5eff9c565,c22287d4eb8140d785467ba0d6885855_16
Les Grands Gougniots - 1 rue de Vandoeuvre,FR*PLN*EH002910*1,112175659,2ebde48380cea71e98303a4435b7282d,c22287d4eb8140d785467ba0d6885855_12
Eni Station - 75 ROUTE DE MONTCENIS,FR*PLN*EH000886*1,82556797,6dd66b903857c8beb483a6e5eff9c565,c22287d4eb8140d785467ba0d6885855_16
Chemin du Vieux Château - Lieudit La Provende,FR*PLN*EH002217*1,98332727,2ebde48380cea71e98303a4435b7282d,c22287d4eb8140d785467ba0d6885855_12
Chaumont-sur-Tharonne,FR*PLN*EH001586*3,95531358,ebca4abaea071b612ebaeb5fd7b8fb8c,e11d9f9257dc455fbf47af8913eb26df_104
Aire de Souchez - A26,FR*PLN*EH003147*1,115824408,2ebde48380cea71e98303a4435b7282d,c22287d4eb8140d785467ba0d6885855_12
Eni Station - 80 Route de Paris,FR*PLN*EH001068*1,80817248,2ebde48380cea71e98303a4435b7282d,c22287d4eb8140d785467ba0d6885855_12
49 Rte de Saint-Pourçain,FR*PLN*EH001120*2,93920576,2ebde48380cea71e98303a4435b7282d,c22287d4eb8140d785467ba0d6885855_12
Aire de Haut Forez Sud,FR*PLN*EH002112*2,109733301,2ebde48380cea71e98303a4435b7282d,c22287d4eb8140d785467ba0d6885855_12
Eni Station - 79 Route de Bischwiller,FR*PLN*EH000885*2,91688818,6dd66b903857c8beb483a6e5eff9c565,c22287d4eb8140d785467ba0d6885855_16
Chemin du Vieux Château - Lieudit La Provende,FR*PLN*EH002215*1,98332731,2ebde48380cea71e98303a4435b7282d,c22287d4eb8140d785467ba0d6885855_12
Aire de Haut Forez Sud,FR*PLN*EH002600*1,109733305,2ebde48380cea71e98303a4435b7282d,c22287d4eb8140d785467ba0d6885855_12
Aire de Haut Forez Sud,FR*PLN*EH002600*3,109733300,2ebde48380cea71e98303a4435b7282d,c22287d4eb8140d785467ba0d6885855_12
Haut Forez Nord - Autoroute A89,FR*PLN*EH002125*3,98332967,2ebde48380cea71e98303a4435b7282d,c22287d4eb8140d785467ba0d6885855_12
11 Rue des Prairies,FR*PLN*EH002214*1,105290073,2ebde48380cea71e98303a4435b7282d,c22287d4eb8140d785467ba0d6885855_12
Eni Station - 22 AVENUE DU CLOS MOUZON,FR*PLN*EH000531*1,83677503,6dd66b903857c8beb483a6e5eff9c565,c22287d4eb8140d785467ba0d6885855_16
3 rue de l'artisanat,FR*PLN*EH003061*3,104888721,2ebde48380cea71e98303a4435b7282d,c22287d4eb8140d785467ba0d6885855_12
"Eni Station - 8 Av. des Sergents, 34300 Agde, Francia",FR*PLN*EH001013*1,91688893,6dd66b903857c8beb483a6e5eff9c565,c22287d4eb8140d785467ba0d6885855_16
Eni Station - RN 7 La Tuilerie,FR*PLN*EH001083*2,125204459,6dd66b903857c8beb483a6e5eff9c565,c22287d4eb8140d785467ba0d6885855_16
Aire de Service Trementines,FR*PLN*EH003086*3,98333094,2ebde48380cea71e98303a4435b7282d,c22287d4eb8140d785467ba0d6885855_12
"154 Impasse de, La Grande Grange",FR*PLN*EH000963*3,77814845,2ebde48380cea71e98303a4435b7282d,c22287d4eb8140d785467ba0d6885855_12
Eni Station - 40 AVENUE JEAN JAURES,FR*PLN*EH000882*2,80817202,6dd66b903857c8beb483a6e5eff9c565,c22287d4eb8140d785467ba0d6885855_16
Eni Station - 22 AVENUE DU CLOS MOUZON,FR*PLN*EH000531*3,83677504,6dd66b903857c8beb483a6e5eff9c565,c22287d4eb8140d785467ba0d6885855_16
Eni Station - 51 Rue de Remiremont,FR*PLN*EH000547*2,79049978,2ebde48380cea71e98303a4435b7282d,c22287d4eb8140d785467ba0d6885855_12
11 Rue des Prairies,FR*PLN*EH002219*1,105290070,2ebde48380cea71e98303a4435b7282d,c22287d4eb8140d785467ba0d6885855_12
Aire de Service Trementines,FR*PLN*EH003086*2,98333089,2ebde48380cea71e98303a4435b7282d,c22287d4eb8140d785467ba0d6885855_12
ZAC du Clos neuf - 6 rue Denis Papin,FR*PLN*EH002971*1,115312102,6dd66b903857c8beb483a6e5eff9c565,c22287d4eb8140d785467ba0d6885855_16
Eni Station - 20 - 22 ROUTE DE ST ANTOINE,FR*PLN*EH000738*2,89210496,6dd66b903857c8beb483a6e5eff9c565,c22287d4eb8140d785467ba0d6885855_16
Aire de Service La Maxe - Autoroute A31,FR*PLN*EH003080*1,107472795,2ebde48380cea71e98303a4435b7282d,c22287d4eb8140d785467ba0d6885855_12
Aire de Haut Forez Sud,FR*PLN*EH003234*2,109733325,2ebde48380cea71e98303a4435b7282d,c22287d4eb8140d785467ba0d6885855_12
Aire de Service La Maxe - Autoroute A31,FR*PLN*EH003080*2,107472794,2ebde48380cea71e98303a4435b7282d,c22287d4eb8140d785467ba0d6885855_12
Aire de Souchez - A26,FR*PLN*EH003200*1,112506446,2ebde48380cea71e98303a4435b7282d,c22287d4eb8140d785467ba0d6885855_12
Route du Molay-Littry,FR*PLN*EH002953*3,107329227,6dd66b903857c8beb483a6e5eff9c565,c22287d4eb8140d785467ba0d6885855_16
"1, Les Vernes",FR*PLN*EH000997*3,115924056,6dd66b903857c8beb483a6e5eff9c565,c22287d4eb8140d785467ba0d6885855_16
Eni Station - 80 Route de Paris,FR*PLN*EH001070*1,80817246,2ebde48380cea71e98303a4435b7282d,c22287d4eb8140d785467ba0d6885855_12
Lotissement Les Mercières,FR*PLN*EH002972*3,115312129,6dd66b903857c8beb483a6e5eff9c565,c22287d4eb8140d785467ba0d6885855_16
Haut Forez Nord - Autoroute A89,FR*PLN*EH002599*3,98332968,2ebde48380cea71e98303a4435b7282d,c22287d4eb8140d785467ba0d6885855_12
Aire de Service Trementines,FR*PLN*EH003083*1,98333097,2ebde48380cea71e98303a4435b7282d,c22287d4eb8140d785467ba0d6885855_12
Eni Station - 51 Rue de Remiremont,FR*PLN*EH000541*1,80620507,2ebde48380cea71e98303a4435b7282d,c22287d4eb8140d785467ba0d6885855_12
ZAC de Pontillault - Lieu dit les Berchères,FR*PLN*EE008112*2,105455159,6cbc5be5a4297a08bed9bc8816d8310c,c22287d4eb8140d785467ba0d6885855_9
Route du 17 Octobre 1961,FR*PLN*EH001096*2,98332461,2ebde48380cea71e98303a4435b7282d,c22287d4eb8140d785467ba0d6885855_12
"Eni Station - 148,AVENUE DE LYON",FR*PLN*EH000883*3,76860696,6dd66b903857c8beb483a6e5eff9c565,c22287d4eb8140d785467ba0d6885855_16
Eni Station - 42 Route d'Ingersheim,FR*PLN*EH000894*1,91688824,6dd66b903857c8beb483a6e5eff9c565,c22287d4eb8140d785467ba0d6885855_16
Eni Station - 151 AVENUE DE COLMAR,FR*PLN*EH000558*3,77171203,6dd66b903857c8beb483a6e5eff9c565,c22287d4eb8140d785467ba0d6885855_16
"Zac du, Rond-Point du Mas Rouma",FR*PLN*EH003095*2,95721458,2ebde48380cea71e98303a4435b7282d,c22287d4eb8140d785467ba0d6885855_12
"1, Les Vernes",FR*PLN*EH001907*2,115924057,135bcc1691bef59b61232d4743742e37,c22287d4eb8140d785467ba0d6885855_14
Eni Station - 61 AVENUE STE MARGUERITE,FR*PLN*EH001082*2,89210495,6dd66b903857c8beb483a6e5eff9c565,c22287d4eb8140d785467ba0d6885855_16
"Logis Hôtel le Capricorne, Av. Hubert Ruffe",FR*PLN*EH002500*1,81933452,135bcc1691bef59b61232d4743742e37,c22287d4eb8140d785467ba0d6885855_14
"1177, Route de Digoin",FR*PLN*EH002649*2,104888709,3f011f8ce2ce43039d4392d6014c84c1,c22287d4eb8140d785467ba0d6885855_10
"9, Rue de l'Etang",FR*PLN*EH001102*1,98332238,6dd66b903857c8beb483a6e5eff9c565,c22287d4eb8140d785467ba0d6885855_16
Les Grands Gougniots - 1 rue de Vandoeuvre,FR*PLN*EH002915*1,112175657,2ebde48380cea71e98303a4435b7282d,c22287d4eb8140d785467ba0d6885855_12
Aire de Service Trementines,FR*PLN*EH003084*2,98333090,2ebde48380cea71e98303a4435b7282d,c22287d4eb8140d785467ba0d6885855_12
Chaumont-sur-Tharonne,FR*PLN*EH001596*1,95531351,ebca4abaea071b612ebaeb5fd7b8fb8c,e11d9f9257dc455fbf47af8913eb26df_104
Rue de la Fosse Benate - Tangentielle RN60,FR*PLN*EE008129*1,107468025,6cbc5be5a4297a08bed9bc8816d8310c,c22287d4eb8140d785467ba0d6885855_9
Eni Station - 15 AVE JEAN JAURES,FR*PLN*EH000592*1,77427629,6dd66b903857c8beb483a6e5eff9c565,c22287d4eb8140d785467ba0d6885855_16
39 Route de Pont de Briques,FR*PLN*EE008039*1,119913694,6cbc5be5a4297a08bed9bc8816d8310c,c22287d4eb8140d785467ba0d6885855_9
Haut Forez Nord - Autoroute A89,FR*PLN*EH002224*3,98332948,2ebde48380cea71e98303a4435b7282d,c22287d4eb8140d785467ba0d6885855_12
Haut Forez Nord - Autoroute A89,FR*PLN*EH002218*2,98332942,2ebde48380cea71e98303a4435b7282d,c22287d4eb8140d785467ba0d6885855_12
Eni Station - RN 113,FR*PLN*EH003100*1,76750889,6dd66b903857c8beb483a6e5eff9c565,c22287d4eb8140d785467ba0d6885855_16
"1177, Route de Digoin",FR*PLN*EH002108*3,104888710,2ebde48380cea71e98303a4435b7282d,c22287d4eb8140d785467ba0d6885855_12
3 rue de l'artisanat,FR*PLN*EH003068*2,104888718,2ebde48380cea71e98303a4435b7282d,c22287d4eb8140d785467ba0d6885855_12
Aire de Service Trementines,FR*PLN*EH003083*3,98333092,2ebde48380cea71e98303a4435b7282d,c22287d4eb8140d785467ba0d6885855_12
Les Grands Gougniots - 1 rue de Vandoeuvre,FR*PLN*EH002910*2,112175658,2ebde48380cea71e98303a4435b7282d,c22287d4eb8140d785467ba0d6885855_12
49 Rte de Saint-Pourçain,FR*PLN*EH001099*3,93920573,2ebde48380cea71e98303a4435b7282d,c22287d4eb8140d785467ba0d6885855_12
Eni Station - 151 AVENUE DE COLMAR,FR*PLN*EH000558*1,77171201,6dd66b903857c8beb483a6e5eff9c565,c22287d4eb8140d785467ba0d6885855_16
Eni Station - 61 Av. de Genève,FR*PLN*EH001074*1,95446566,2ebde48380cea71e98303a4435b7282d,c22287d4eb8140d785467ba0d6885855_12
"Eni Station - Zac De Tournezy, Rue de Montels Église",FR*PLN*EH000561*2,77427638,6dd66b903857c8beb483a6e5eff9c565,c22287d4eb8140d785467ba0d6885855_16
Aire de Haut Forez Sud,FR*PLN*EH003237*2,109733330,2ebde48380cea71e98303a4435b7282d,c22287d4eb8140d785467ba0d6885855_12
1935 Av. d'Espagne,FR*PLN*EE008089*1,99521415,6cbc5be5a4297a08bed9bc8816d8310c,c22287d4eb8140d785467ba0d6885855_9
Parc d’Activité Ecovert-Route de Vrigne-Meuse,FR*PLN*EH002992*2,105290089,6dd66b903857c8beb483a6e5eff9c565,c22287d4eb8140d785467ba0d6885855_16
"Eni Station - Autoroute de la Maurienne, A43",FR*PLN*EH000884*1,59011849,2ebde48380cea71e98303a4435b7282d,c22287d4eb8140d785467ba0d6885855_12
Eni Station - 20 - 22 ROUTE DE ST ANTOINE,FR*PLN*EH000738*1,89210498,6dd66b903857c8beb483a6e5eff9c565,c22287d4eb8140d785467ba0d6885855_16
11 Rue des Prairies,FR*PLN*EH002641*2,105290072,3f011f8ce2ce43039d4392d6014c84c1,c22287d4eb8140d785467ba0d6885855_10
Chaumont-sur-Tharonne,FR*PLN*EH001594*4,95531339,ebca4abaea071b612ebaeb5fd7b8fb8c,e11d9f9257dc455fbf47af8913eb26df_104
Route de Coubon - ZI Clos de Corsac,FR*PLN*EH002639*2,98332714,135bcc1691bef59b61232d4743742e37,c22287d4eb8140d785467ba0d6885855_14
"4, Avenue du Centre Commercial",FR*PLN*EH001097*1,98332234,6dd66b903857c8beb483a6e5eff9c565,c22287d4eb8140d785467ba0d6885855_16
Eni Station - 61 Av. de Genève,FR*PLN*EH001080*2,95446564,2ebde48380cea71e98303a4435b7282d,c22287d4eb8140d785467ba0d6885855_12
11 Rue des Prairies,FR*PLN*EH002219*2,105290071,2ebde48380cea71e98303a4435b7282d,c22287d4eb8140d785467ba0d6885855_12
"9, Rue de l'Etang",FR*PLN*EH001102*2,98332236,6dd66b903857c8beb483a6e5eff9c565,c22287d4eb8140d785467ba0d6885855_16
Rue Louis Delage,FR*PLN*EE008109*1,98333078,6cbc5be5a4297a08bed9bc8816d8310c,c22287d4eb8140d785467ba0d6885855_9
"154 Impasse de, La Grande Grange",FR*PLN*EE007411*1,77814843,6cbc5be5a4297a08bed9bc8816d8310c,c22287d4eb8140d785467ba0d6885855_9
Chaumont-sur-Tharonne,FR*PLN*EH001595*3,95531353,ebca4abaea071b612ebaeb5fd7b8fb8c,e11d9f9257dc455fbf47af8913eb26df_104
Eni Station - 38-40 Av. du Roussillon,FR*PLN*EH001072*3,77912971,6dd66b903857c8beb483a6e5eff9c565,c22287d4eb8140d785467ba0d6885855_16
Aire de Haut Forez Sud,FR*PLN*EH003234*3,109733318,2ebde48380cea71e98303a4435b7282d,c22287d4eb8140d785467ba0d6885855_12
Rue de l'Aubépine,FR*PLN*EH003102*1,110013833,6dd66b903857c8beb483a6e5eff9c565,c22287d4eb8140d785467ba0d6885855_16
"Eni Station - Autoroute de la Maurienne, A43",FR*PLN*EH000744*1,59011846,2ebde48380cea71e98303a4435b7282d,c22287d4eb8140d785467ba0d6885855_12
"Zac du, Rond-Point du Mas Rouma",FR*PLN*EH002490*1,95721451,3f011f8ce2ce43039d4392d6014c84c1,c22287d4eb8140d785467ba0d6885855_10
Aire de Haut Forez Sud,FR*PLN*EH002109*2,109733314,2ebde48380cea71e98303a4435b7282d,c22287d4eb8140d785467ba0d6885855_12
Eni Station - 40 AVENUE JEAN JAURES,FR*PLN*EH000882*1,80817201,6dd66b903857c8beb483a6e5eff9c565,c22287d4eb8140d785467ba0d6885855_16
Les Grands Gougniots - 1 rue de Vandoeuvre,FR*PLN*EH003054*2,112175652,2ebde48380cea71e98303a4435b7282d,c22287d4eb8140d785467ba0d6885855_12
Av. des Eaux Blanches,FR*PLN*EH002250*1,98332926,2ebde48380cea71e98303a4435b7282d,c22287d4eb8140d785467ba0d6885855_12
Eni Station - RUE ADRIEN FAYOLLE,FR*PLN*EH000594*1,70377259,6dd66b903857c8beb483a6e5eff9c565,c22287d4eb8140d785467ba0d6885855_16
"154 Impasse de, La Grande Grange",FR*PLN*EH001123*3,77814840,2ebde48380cea71e98303a4435b7282d,c22287d4eb8140d785467ba0d6885855_12
"Mail de l'Hippodrome, 3 avenue du",FR*PLN*EH001196*2,81933481,2ebde48380cea71e98303a4435b7282d,c22287d4eb8140d785467ba0d6885855_12
"1, Les Vernes",FR*PLN*EH001907*1,115924058,135bcc1691bef59b61232d4743742e37,c22287d4eb8140d785467ba0d6885855_14
ZAC du Clos neuf - 6 rue Denis Papin,FR*PLN*EE008153*2,115312101,3909a9fc38ae3300d8a119ac3b313448,c22287d4eb8140d785467ba0d6885855_13
Rue de la Fosse Benate - Tangentielle RN60,FR*PLN*EH003052*2,107468026,2ebde48380cea71e98303a4435b7282d,c22287d4eb8140d785467ba0d6885855_12
Haut Forez Nord - Autoroute A89,FR*PLN*EH002124*2,98332965,2ebde48380cea71e98303a4435b7282d,c22287d4eb8140d785467ba0d6885855_12
Lotissement Les Mercières,FR*PLN*EE007238*1,115312127,3909a9fc38ae3300d8a119ac3b313448,c22287d4eb8140d785467ba0d6885855_13
Chemin du Vieux Château - Lieudit La Provende,FR*PLN*EH002252*3,98332737,2ebde48380cea71e98303a4435b7282d,c22287d4eb8140d785467ba0d6885855_12
Avenue Edouard Herriot,FR*PLN*EH002316*2,98332600,3f011f8ce2ce43039d4392d6014c84c1,c22287d4eb8140d785467ba0d6885855_10
Haut Forez Nord - Autoroute A89,FR*PLN*EH002249*1,98332955,2ebde48380cea71e98303a4435b7282d,c22287d4eb8140d785467ba0d6885855_12
Av. des Eaux Blanches,FR*PLN*EE008087*2,98332929,6cbc5be5a4297a08bed9bc8816d8310c,c22287d4eb8140d785467ba0d6885855_9
39 Route de Pont de Briques,FR*PLN*EH003260*2,119913704,2ebde48380cea71e98303a4435b7282d,c22287d4eb8140d785467ba0d6885855_12
Aire de Haut Forez Sud,FR*PLN*EH003228*3,109733308,2ebde48380cea71e98303a4435b7282d,c22287d4eb8140d785467ba0d6885855_12
49 Rte de Saint-Pourçain,FR*PLN*EE007726*2,91688876,6cbc5be5a4297a08bed9bc8816d8310c,c22287d4eb8140d785467ba0d6885855_9
Eni Station - 80 Route de Paris,FR*PLN*EH001070*2,80817243,2ebde48380cea71e98303a4435b7282d,c22287d4eb8140d785467ba0d6885855_12
Eni Station - 131 RUE JOLIOT CURIE,FR*PLN*EH000563*2,70363909,6dd66b903857c8beb483a6e5eff9c565,c22287d4eb8140d785467ba0d6885855_16
"Avenue Jean Moos, ZI La Gaieté",FR*PLN*EH001837*2,89003207,135bcc1691bef59b61232d4743742e37,c22287d4eb8140d785467ba0d6885855_14
"Eni Station - CD 38, RUE DES VOSGES",FR*PLN*EH000734*1,83677502,6dd66b903857c8beb483a6e5eff9c565,c22287d4eb8140d785467ba0d6885855_16
Eni Station - ROUTE DE PEZENAS,FR*PLN*EH000560*3,77427632,6dd66b903857c8beb483a6e5eff9c565,c22287d4eb8140d785467ba0d6885855_16
"Eni Station - CD 38, RUE DES VOSGES",FR*PLN*EH000734*3,83677500,6dd66b903857c8beb483a6e5eff9c565,c22287d4eb8140d785467ba0d6885855_16
Eni Station - 61 Av. de Genève,FR*PLN*EH001074*2,95446561,2ebde48380cea71e98303a4435b7282d,c22287d4eb8140d785467ba0d6885855_12
Rue de Moulin Gillier,FR*PLN*EH002356*1,98332602,135bcc1691bef59b61232d4743742e37,c22287d4eb8140d785467ba0d6885855_14
1935 Av. d'Espagne,FR*PLN*EE008089*2,99521416,6cbc5be5a4297a08bed9bc8816d8310c,c22287d4eb8140d785467ba0d6885855_9
11 Rue des Prairies,FR*PLN*EH002225*1,105290064,2ebde48380cea71e98303a4435b7282d,c22287d4eb8140d785467ba0d6885855_12
Rue Louis Delage,FR*PLN*EH002123*1,98333080,2ebde48380cea71e98303a4435b7282d,c22287d4eb8140d785467ba0d6885855_12
"ZAE la Ginieisse, Rte de Bessan",FR*PLN*EH001598*3,101562971,6dd66b903857c8beb483a6e5eff9c565,c22287d4eb8140d785467ba0d6885855_16
Eni Station - 114-116 Rue des Aciéries,FR*PLN*EH000880*3,82170687,2ebde48380cea71e98303a4435b7282d,c22287d4eb8140d785467ba0d6885855_12
Chemin de Giraud,FR*PLN*EH003098*3,101496580,6dd66b903857c8beb483a6e5eff9c565,c22287d4eb8140d785467ba0d6885855_16
39 Route de Pont de Briques,FR*PLN*EH003260*3,119913703,2ebde48380cea71e98303a4435b7282d,c22287d4eb8140d785467ba0d6885855_12
Eni Station - RN 433,FR*PLN*EH000741*1,77427635,6dd66b903857c8beb483a6e5eff9c565,c22287d4eb8140d785467ba0d6885855_16
"1177, Route de Digoin",FR*PLN*EH002669*2,104888711,3f011f8ce2ce43039d4392d6014c84c1,c22287d4eb8140d785467ba0d6885855_10
Rue de la Fosse Benate - Tangentielle RN60,FR*PLN*EH003053*1,107468022,2ebde48380cea71e98303a4435b7282d,c22287d4eb8140d785467ba0d6885855_12
"Eni Station - Autoroute de la Maurienne, A43",FR*PLN*EH000743*1,59011850,2ebde48380cea71e98303a4435b7282d,c22287d4eb8140d785467ba0d6885855_12
Haut Forez Nord - Autoroute A89,FR*PLN*EH002251*2,98332939,2ebde48380cea71e98303a4435b7282d,c22287d4eb8140d785467ba0d6885855_12
Eni Station - RN 433,FR*PLN*EH000741*3,77427634,6dd66b903857c8beb483a6e5eff9c565,c22287d4eb8140d785467ba0d6885855_16
"154 Impasse de, La Grande Grange",FR*PLN*EH001123*1,77814844,2ebde48380cea71e98303a4435b7282d,c22287d4eb8140d785467ba0d6885855_12
"Eni Station - Aire de Thouars, A630",FR*PLN*EH001593*3,107215285,6dd66b903857c8beb483a6e5eff9c565,c22287d4eb8140d785467ba0d6885855_16
La Combe,FR*PLN*EH002115*3,98332719,2ebde48380cea71e98303a4435b7282d,c22287d4eb8140d785467ba0d6885855_12
"ZAE la Ginieisse, Rte de Bessan",FR*PLN*EH001598*2,101562969,6dd66b903857c8beb483a6e5eff9c565,c22287d4eb8140d785467ba0d6885855_16
Chemin du Vieux Château - Lieudit La Provende,FR*PLN*EH002217*2,98332736,2ebde48380cea71e98303a4435b7282d,c22287d4eb8140d785467ba0d6885855_12
11 Rue des Prairies,FR*PLN*EH002641*1,105290066,3f011f8ce2ce43039d4392d6014c84c1,c22287d4eb8140d785467ba0d6885855_10
20 route Nationale,FR*PLN*EE008062*2,116191060,3909a9fc38ae3300d8a119ac3b313448,c22287d4eb8140d785467ba0d6885855_13
Aire de Haut Forez Sud,FR*PLN*EH002600*2,109733328,2ebde48380cea71e98303a4435b7282d,c22287d4eb8140d785467ba0d6885855_12
39 Route de Pont de Briques,FR*PLN*EH003260*1,119913709,2ebde48380cea71e98303a4435b7282d,c22287d4eb8140d785467ba0d6885855_12
Chaumont-sur-Tharonne,FR*PLN*EH001584*4,95531342,ebca4abaea071b612ebaeb5fd7b8fb8c,e11d9f9257dc455fbf47af8913eb26df_104
Eni Station - 61 Av. de Genève,FR*PLN*EH001080*1,95446570,2ebde48380cea71e98303a4435b7282d,c22287d4eb8140d785467ba0d6885855_12
La Combe,FR*PLN*EH002248*2,98332723,2ebde48380cea71e98303a4435b7282d,c22287d4eb8140d785467ba0d6885855_12
Aire de Service La Maxe - Autoroute A31,FR*PLN*EH003087*3,107472792,2ebde48380cea71e98303a4435b7282d,c22287d4eb8140d785467ba0d6885855_12
Haut Forez Nord - Autoroute A89,FR*PLN*EH002224*1,98332946,2ebde48380cea71e98303a4435b7282d,c22287d4eb8140d785467ba0d6885855_12
Eni Station - 51-55 ROUTE DE PARIS,FR*PLN*EH000595*3,70363912,6dd66b903857c8beb483a6e5eff9c565,c22287d4eb8140d785467ba0d6885855_16
"Eni Station - 8 Av. des Sergents, 34300 Agde, Francia",FR*PLN*EH001013*3,91688894,6dd66b903857c8beb483a6e5eff9c565,c22287d4eb8140d785467ba0d6885855_16
Aire de Haut Forez Sud,FR*PLN*EH003232*4,109733333,2ebde48380cea71e98303a4435b7282d,c22287d4eb8140d785467ba0d6885855_12
Eni Station - Av. de Lattre de Tassigny 67,FR*PLN*EH000888*1,103434413,6dd66b903857c8beb483a6e5eff9c565,c22287d4eb8140d785467ba0d6885855_16
Eni Station - 75 ROUTE DE MONTCENIS,FR*PLN*EH000886*3,82556795,6dd66b903857c8beb483a6e5eff9c565,c22287d4eb8140d785467ba0d6885855_16
La Combe,FR*PLN*EH002115*2,98332718,2ebde48380cea71e98303a4435b7282d,c22287d4eb8140d785467ba0d6885855_12
"1177, Route de Digoin",FR*PLN*EH002113*3,104888704,2ebde48380cea71e98303a4435b7282d,c22287d4eb8140d785467ba0d6885855_12
Les Plaines ZAC,FR*PLN*EH002349*1,98332592,135bcc1691bef59b61232d4743742e37,c22287d4eb8140d785467ba0d6885855_14
"Eni Station - CD 38, RUE DES VOSGES",FR*PLN*EH000734*2,83677501,6dd66b903857c8beb483a6e5eff9c565,c22287d4eb8140d785467ba0d6885855_16
Eni Station - 61 Av. de Genève,FR*PLN*EH001080*3,95446560,2ebde48380cea71e98303a4435b7282d,c22287d4eb8140d785467ba0d6885855_12
Route de Coubon - ZI Clos de Corsac,FR*PLN*EH000912*2,98332713,6dd66b903857c8beb483a6e5eff9c565,c22287d4eb8140d785467ba0d6885855_16
"154 Impasse de, La Grande Grange",FR*PLN*EE007409*1,77814846,6cbc5be5a4297a08bed9bc8816d8310c,c22287d4eb8140d785467ba0d6885855_9
Av. des Eaux Blanches,FR*PLN*EH002255*2,98332924,2ebde48380cea71e98303a4435b7282d,c22287d4eb8140d785467ba0d6885855_12
"Eni Station - Zac De Tournezy, Rue de Montels Église",FR*PLN*EH000561*3,77427637,6dd66b903857c8beb483a6e5eff9c565,c22287d4eb8140d785467ba0d6885855_16
La Combe,FR*PLN*EH002220*3,98332725,2ebde48380cea71e98303a4435b7282d,c22287d4eb8140d785467ba0d6885855_12
Av. Santos Dumont,FR*PLN*EE007241*1,81933469,6cbc5be5a4297a08bed9bc8816d8310c,c22287d4eb8140d785467ba0d6885855_9
Eni Station - 15 AVE JEAN JAURES,FR*PLN*EH000592*3,77427627,6dd66b903857c8beb483a6e5eff9c565,c22287d4eb8140d785467ba0d6885855_16
"1177, Route de Digoin",FR*PLN*EH002649*1,104888707,3f011f8ce2ce43039d4392d6014c84c1,c22287d4eb8140d785467ba0d6885855_10
Route du Molay-Littry,FR*PLN*EH002983*2,107329214,6dd66b903857c8beb483a6e5eff9c565,c22287d4eb8140d785467ba0d6885855_16
Aire de Souchez - A26,FR*PLN*EH003200*2,112506445,2ebde48380cea71e98303a4435b7282d,c22287d4eb8140d785467ba0d6885855_12
Eni Station - 42 Route d'Ingersheim,FR*PLN*EH000889*3,91688825,6dd66b903857c8beb483a6e5eff9c565,c22287d4eb8140d785467ba0d6885855_16
Chaumont-sur-Tharonne,FR*PLN*EH001588*1,95531349,ebca4abaea071b612ebaeb5fd7b8fb8c,e11d9f9257dc455fbf47af8913eb26df_104
Avenue Edouard Herriot,FR*PLN*EH003101*2,98332599,2ebde48380cea71e98303a4435b7282d,c22287d4eb8140d785467ba0d6885855_12
Eni Station - RUE ADRIEN FAYOLLE,FR*PLN*EH000591*3,70377256,6dd66b903857c8beb483a6e5eff9c565,c22287d4eb8140d785467ba0d6885855_16
Aire de Haut Forez Sud,FR*PLN*EH003233*1,109733321,2ebde48380cea71e98303a4435b7282d,c22287d4eb8140d785467ba0d6885855_12
Eni Station - 5 Av. Jean Perrot,FR*PLN*EH000742*2,102403140,6dd66b903857c8beb483a6e5eff9c565,c22287d4eb8140d785467ba0d6885855_16
"1177, Route de Digoin",FR*PLN*EH002113*2,104888706,2ebde48380cea71e98303a4435b7282d,c22287d4eb8140d785467ba0d6885855_12
Eni Station - 80 Route de Paris,FR*PLN*EH001070*3,80817242,2ebde48380cea71e98303a4435b7282d,c22287d4eb8140d785467ba0d6885855_12
"ZAC des Charmes, Avenue de L'Europe",FR*PLN*EH002981*1,130162330,2ebde48380cea71e98303a4435b7282d,c22287d4eb8140d785467ba0d6885855_12
Eni Station - 151 AVENUE DE COLMAR,FR*PLN*EH000558*2,77171202,6dd66b903857c8beb483a6e5eff9c565,c22287d4eb8140d785467ba0d6885855_16
Rue Louis Delage,FR*PLN*EH002107*3,98333083,2ebde48380cea71e98303a4435b7282d,c22287d4eb8140d785467ba0d6885855_12
Rue de l'Aubépine,FR*PLN*EH003102*3,110013835,6dd66b903857c8beb483a6e5eff9c565,c22287d4eb8140d785467ba0d6885855_16
Av. Santos Dumont,FR*PLN*EH001155*3,81933463,2ebde48380cea71e98303a4435b7282d,c22287d4eb8140d785467ba0d6885855_12
"Logis Hôtel le Capricorne, Av. Hubert Ruffe",FR*PLN*EH001183*2,81933455,6dd66b903857c8beb483a6e5eff9c565,c22287d4eb8140d785467ba0d6885855_16
Aire de Haut Forez Sud,FR*PLN*EH003232*1,109733315,2ebde48380cea71e98303a4435b7282d,c22287d4eb8140d785467ba0d6885855_12
Eni Station - 51-55 ROUTE DE PARIS,FR*PLN*EH000595*2,70363911,6dd66b903857c8beb483a6e5eff9c565,c22287d4eb8140d785467ba0d6885855_16
Aire de Service La Maxe - Autoroute A31,FR*PLN*EH003080*3,107472793,2ebde48380cea71e98303a4435b7282d,c22287d4eb8140d785467ba0d6885855_12
Eni Station - ROUTE DE PEZENAS,FR*PLN*EH000560*2,77427630,6dd66b903857c8beb483a6e5eff9c565,c22287d4eb8140d785467ba0d6885855_16
"Mail de l'Hippodrome, 3 avenue du",FR*PLN*EH001196*1,81933477,2ebde48380cea71e98303a4435b7282d,c22287d4eb8140d785467ba0d6885855_12
"Eni Station - Autoroute de la Maurienne, A43",FR*PLN*EH000743*3,59011847,2ebde48380cea71e98303a4435b7282d,c22287d4eb8140d785467ba0d6885855_12
Haut Forez Nord - Autoroute A89,FR*PLN*EH002251*1,98332960,2ebde48380cea71e98303a4435b7282d,c22287d4eb8140d785467ba0d6885855_12
Eni Station - 32 Av. Rhin et Danube,FR*PLN*EH000740*1,101496547,6dd66b903857c8beb483a6e5eff9c565,c22287d4eb8140d785467ba0d6885855_16
"Avenue Jean Moos, ZI La Gaieté",FR*PLN*EH001094*1,89210602,6dd66b903857c8beb483a6e5eff9c565,c22287d4eb8140d785467ba0d6885855_16
Eni Station - 38-40 Av. du Roussillon,FR*PLN*EH001072*2,77912970,6dd66b903857c8beb483a6e5eff9c565,c22287d4eb8140d785467ba0d6885855_16
"ZAC des Charmes, Avenue de L'Europe",FR*PLN*EH003264*3,130162325,2ebde48380cea71e98303a4435b7282d,c22287d4eb8140d785467ba0d6885855_12
Aire de Service La Maxe - Autoroute A31,FR*PLN*EH003524*1,107472799,2ebde48380cea71e98303a4435b7282d,c22287d4eb8140d785467ba0d6885855_12
La Combe,FR*PLN*EH002115*1,98332717,2ebde48380cea71e98303a4435b7282d,c22287d4eb8140d785467ba0d6885855_12
Haut Forez Nord - Autoroute A89,FR*PLN*EH002251*3,98332945,2ebde48380cea71e98303a4435b7282d,c22287d4eb8140d785467ba0d6885855_12
Eni Station - RN 6,FR*PLN*EH000893*2,83257704,6dd66b903857c8beb483a6e5eff9c565,c22287d4eb8140d785467ba0d6885855_16
Rue Louis Delage,FR*PLN*EH002107*2,98333079,2ebde48380cea71e98303a4435b7282d,c22287d4eb8140d785467ba0d6885855_12
Aire de Haut Forez Sud,FR*PLN*EH002109*3,109733324,2ebde48380cea71e98303a4435b7282d,c22287d4eb8140d785467ba0d6885855_12
Rue Louis Delage,FR*PLN*EH002107*1,98333082,2ebde48380cea71e98303a4435b7282d,c22287d4eb8140d785467ba0d6885855_12
Eni Station - RN 86 - LES SEPT CHEMINS,FR*PLN*EH000735*3,77427623,6dd66b903857c8beb483a6e5eff9c565,c22287d4eb8140d785467ba0d6885855_16
"Eni Station - Autoroute de la Maurienne, A43",FR*PLN*EH000744*3,59011852,2ebde48380cea71e98303a4435b7282d,c22287d4eb8140d785467ba0d6885855_12
"Zac du, Rond-Point du Mas Rouma",FR*PLN*EE007163*2,95721454,6cbc5be5a4297a08bed9bc8816d8310c,c22287d4eb8140d785467ba0d6885855_9
Eni Station - 42 Route d'Ingersheim,FR*PLN*EH000889*2,91688823,6dd66b903857c8beb483a6e5eff9c565,c22287d4eb8140d785467ba0d6885855_16
Eni Station - 4 ROUTE D'ALTENHEIM,FR*PLN*EH000562*1,77554645,6dd66b903857c8beb483a6e5eff9c565,c22287d4eb8140d785467ba0d6885855_16
Route du Molay-Littry,FR*PLN*EH002983*1,107329215,6dd66b903857c8beb483a6e5eff9c565,c22287d4eb8140d785467ba0d6885855_16
3 rue de l'artisanat,FR*PLN*EH003068*1,104888722,2ebde48380cea71e98303a4435b7282d,c22287d4eb8140d785467ba0d6885855_12
Eni Station - 20 - 22 ROUTE DE ST ANTOINE,FR*PLN*EH000549*3,89210501,6dd66b903857c8beb483a6e5eff9c565,c22287d4eb8140d785467ba0d6885855_16
Eni Station - 51 Rue de Remiremont,FR*PLN*EH000547*1,79049974,2ebde48380cea71e98303a4435b7282d,c22287d4eb8140d785467ba0d6885855_12
Haut Forez Nord - Autoroute A89,FR*PLN*EH002131*4,98332962,2ebde48380cea71e98303a4435b7282d,c22287d4eb8140d785467ba0d6885855_12
Haut Forez Nord - Autoroute A89,FR*PLN*EH002131*1,98332947,2ebde48380cea71e98303a4435b7282d,c22287d4eb8140d785467ba0d6885855_12
Aire de Haut Forez Sud,FR*PLN*EH003237*1,109733320,2ebde48380cea71e98303a4435b7282d,c22287d4eb8140d785467ba0d6885855_12
Chemin du Vieux Château - Lieudit La Provende,FR*PLN*EH002674*1,98332726,3f011f8ce2ce43039d4392d6014c84c1,c22287d4eb8140d785467ba0d6885855_10
"Eni Station - 8 Av. des Sergents, 34300 Agde, Francia",FR*PLN*EH001013*2,91688895,6dd66b903857c8beb483a6e5eff9c565,c22287d4eb8140d785467ba0d6885855_16
Avenue Edouard Herriot,FR*PLN*EH003096*3,98332597,2ebde48380cea71e98303a4435b7282d,c22287d4eb8140d785467ba0d6885855_12
Eni Station - 26 CHEMIN DE STE MARTHE,FR*PLN*EH000891*2,76750849,6dd66b903857c8beb483a6e5eff9c565,c22287d4eb8140d785467ba0d6885855_16
"Eni Station - Aire de Thouars, A630",FR*PLN*EH001592*1,107215283,6dd66b903857c8beb483a6e5eff9c565,c22287d4eb8140d785467ba0d6885855_16
"Zac du, Rond-Point du Mas Rouma",FR*PLN*EE007240*2,95721460,6cbc5be5a4297a08bed9bc8816d8310c,c22287d4eb8140d785467ba0d6885855_9
"Zac du, Rond-Point du Mas Rouma",FR*PLN*EE007163*1,95721457,6cbc5be5a4297a08bed9bc8816d8310c,c22287d4eb8140d785467ba0d6885855_9
49 Rte de Saint-Pourçain,FR*PLN*EH001120*1,93920577,2ebde48380cea71e98303a4435b7282d,c22287d4eb8140d785467ba0d6885855_12
Eni Station - 42 Route d'Ingersheim,FR*PLN*EH000894*3,91688826,6dd66b903857c8beb483a6e5eff9c565,c22287d4eb8140d785467ba0d6885855_16
"Zac du, Rond-Point du Mas Rouma",FR*PLN*EH002490*2,95721450,3f011f8ce2ce43039d4392d6014c84c1,c22287d4eb8140d785467ba0d6885855_10
Route de Coubon - ZI Clos de Corsac,FR*PLN*EH002639*1,98332716,135bcc1691bef59b61232d4743742e37,c22287d4eb8140d785467ba0d6885855_14
Chaumont-sur-Tharonne,FR*PLN*EH001587*3,95531340,ebca4abaea071b612ebaeb5fd7b8fb8c,e11d9f9257dc455fbf47af8913eb26df_104
Aire de Haut Forez Sud,FR*PLN*EH003232*2,109733322,2ebde48380cea71e98303a4435b7282d,c22287d4eb8140d785467ba0d6885855_12
"1177, Route de Digoin",FR*PLN*EH002113*1,104888703,2ebde48380cea71e98303a4435b7282d,c22287d4eb8140d785467ba0d6885855_12
Eni Station - 171-173 BD ST LOUP,FR*PLN*EH000881*3,76750856,6dd66b903857c8beb483a6e5eff9c565,c22287d4eb8140d785467ba0d6885855_16
"4, Avenue du Centre Commercial",FR*PLN*EH001097*3,98332235,6dd66b903857c8beb483a6e5eff9c565,c22287d4eb8140d785467ba0d6885855_16
Eni Station - 20 -22 AVENUE MONOT,FR*PLN*EH000939*3,76860701,6dd66b903857c8beb483a6e5eff9c565,c22287d4eb8140d785467ba0d6885855_16
Eni Station - 38-40 Av. du Roussillon,FR*PLN*EH001071*1,77912974,6dd66b903857c8beb483a6e5eff9c565,c22287d4eb8140d785467ba0d6885855_16
ZA Les Granges - Rue de Laplatte,FR*PLN*EH002319*1,85917193,135bcc1691bef59b61232d4743742e37,c22287d4eb8140d785467ba0d6885855_14
Eni Station - 61 AVENUE STE MARGUERITE,FR*PLN*EH001082*1,89210494,6dd66b903857c8beb483a6e5eff9c565,c22287d4eb8140d785467ba0d6885855_16
Aire de Service Trementines,FR*PLN*EH003086*1,98333093,2ebde48380cea71e98303a4435b7282d,c22287d4eb8140d785467ba0d6885855_12
Eni Station - 61 Av. de Genève,FR*PLN*EH001076*2,95446568,2ebde48380cea71e98303a4435b7282d,c22287d4eb8140d785467ba0d6885855_12
Eni Station - 51 Rue de Remiremont,FR*PLN*EH000541*3,80620505,2ebde48380cea71e98303a4435b7282d,c22287d4eb8140d785467ba0d6885855_12
Aire de Haut Forez Sud,FR*PLN*EH003230*2,109733304,2ebde48380cea71e98303a4435b7282d,c22287d4eb8140d785467ba0d6885855_12
"1177, Route de Digoin",FR*PLN*EH002669*1,104888708,3f011f8ce2ce43039d4392d6014c84c1,c22287d4eb8140d785467ba0d6885855_10
3 rue de l'artisanat,FR*PLN*EH003061*1,104888717,2ebde48380cea71e98303a4435b7282d,c22287d4eb8140d785467ba0d6885855_12
Eni Station - 61 Av. de Genève,FR*PLN*EH001076*1,95446562,2ebde48380cea71e98303a4435b7282d,c22287d4eb8140d785467ba0d6885855_12
Route du 17 Octobre 1961,FR*PLN*EH002333*2,98332463,3f011f8ce2ce43039d4392d6014c84c1,c22287d4eb8140d785467ba0d6885855_10
39 Route de Pont de Briques,FR*PLN*EH003047*2,119913705,2ebde48380cea71e98303a4435b7282d,c22287d4eb8140d785467ba0d6885855_12
Av. Santos Dumont,FR*PLN*EH001178*2,81933468,2ebde48380cea71e98303a4435b7282d,c22287d4eb8140d785467ba0d6885855_12
Les Grands Gougniots - 1 rue de Vandoeuvre,FR*PLN*EH002910*3,112175654,2ebde48380cea71e98303a4435b7282d,c22287d4eb8140d785467ba0d6885855_12
11 Rue des Prairies,FR*PLN*EH002225*3,105290065,2ebde48380cea71e98303a4435b7282d,c22287d4eb8140d785467ba0d6885855_12
Rue de la Fosse Benate - Tangentielle RN60,FR*PLN*EH003053*2,107468027,2ebde48380cea71e98303a4435b7282d,c22287d4eb8140d785467ba0d6885855_12
Eni Station - 20 - 22 ROUTE DE ST ANTOINE,FR*PLN*EH000549*1,89210499,6dd66b903857c8beb483a6e5eff9c565,c22287d4eb8140d785467ba0d6885855_16
Rue de la Fosse Benate - Tangentielle RN60,FR*PLN*EE008129*2,107468020,6cbc5be5a4297a08bed9bc8816d8310c,c22287d4eb8140d785467ba0d6885855_9
Eni Station - Av. de Lattre de Tassigny 67,FR*PLN*EH000892*3,103434411,6dd66b903857c8beb483a6e5eff9c565,c22287d4eb8140d785467ba0d6885855_16
Eni Station - 38-40 Av. du Roussillon,FR*PLN*EH001071*3,77912975,6dd66b903857c8beb483a6e5eff9c565,c22287d4eb8140d785467ba0d6885855_16
Les Grands Gougniots - 1 rue de Vandoeuvre,FR*PLN*EH003054*1,112175656,2ebde48380cea71e98303a4435b7282d,c22287d4eb8140d785467ba0d6885855_12
"33, Avenue Maréchal Juin",FR*PLN*EH001839*1,84258101,135bcc1691bef59b61232d4743742e37,c22287d4eb8140d785467ba0d6885855_14
Chaumont-sur-Tharonne,FR*PLN*EH001585*1,95531363,ebca4abaea071b612ebaeb5fd7b8fb8c,e11d9f9257dc455fbf47af8913eb26df_104
"ZAC des Charmes, Avenue de L'Europe",FR*PLN*EH002994*3,130162322,2ebde48380cea71e98303a4435b7282d,c22287d4eb8140d785467ba0d6885855_12
"154 Impasse de, La Grande Grange",FR*PLN*EE007409*2,77814841,6cbc5be5a4297a08bed9bc8816d8310c,c22287d4eb8140d785467ba0d6885855_9
ZAC de Pontillault - Lieu dit les Berchères,FR*PLN*EH003059*2,105455161,2ebde48380cea71e98303a4435b7282d,c22287d4eb8140d785467ba0d6885855_12
Haut Forez Nord - Autoroute A89,FR*PLN*EH002124*1,98332956,2ebde48380cea71e98303a4435b7282d,c22287d4eb8140d785467ba0d6885855_12
Eni Station - 114-116 Rue des Aciéries,FR*PLN*EH000880*2,82170686,2ebde48380cea71e98303a4435b7282d,c22287d4eb8140d785467ba0d6885855_12
Haut Forez Nord - Autoroute A89,FR*PLN*EH002129*3,98332953,2ebde48380cea71e98303a4435b7282d,c22287d4eb8140d785467ba0d6885855_12
Eni Station - 114-116 Rue des Aciéries,FR*PLN*EH000737*1,82170693,2ebde48380cea71e98303a4435b7282d,c22287d4eb8140d785467ba0d6885855_12
Route de Caen- D513 - Le Moulin du Prés,FR*PLN*EE008137*2,115312106,3909a9fc38ae3300d8a119ac3b313448,c22287d4eb8140d785467ba0d6885855_13
Chemin du Vieux Château - Lieudit La Provende,FR*PLN*EH002252*2,98332738,2ebde48380cea71e98303a4435b7282d,c22287d4eb8140d785467ba0d6885855_12
"9, Rue de l'Etang",FR*PLN*EH001102*3,98332237,6dd66b903857c8beb483a6e5eff9c565,c22287d4eb8140d785467ba0d6885855_16
Eni Station - RN 6,FR*PLN*EH000893*3,83257706,6dd66b903857c8beb483a6e5eff9c565,c22287d4eb8140d785467ba0d6885855_16
Eni Station - 114-116 Rue des Aciéries,FR*PLN*EH000733*1,82170692,2ebde48380cea71e98303a4435b7282d,c22287d4eb8140d785467ba0d6885855_12
"Mail de l'Hippodrome, 3 avenue du",FR*PLN*EE007260*1,81933484,6cbc5be5a4297a08bed9bc8816d8310c,c22287d4eb8140d785467ba0d6885855_9
20 route Nationale,FR*PLN*EH003258*2,116191057,6dd66b903857c8beb483a6e5eff9c565,c22287d4eb8140d785467ba0d6885855_16
Route de Caen- D513 - Le Moulin du Prés,FR*PLN*EH002980*3,115312105,6dd66b903857c8beb483a6e5eff9c565,c22287d4eb8140d785467ba0d6885855_16
Les Grands Gougniots - 1 rue de Vandoeuvre,FR*PLN*EE008155*2,112175662,6cbc5be5a4297a08bed9bc8816d8310c,c22287d4eb8140d785467ba0d6885855_9
Eni Station - RUE ADRIEN FAYOLLE,FR*PLN*EH000594*2,70377261,6dd66b903857c8beb483a6e5eff9c565,c22287d4eb8140d785467ba0d6885855_16
"154 Impasse de, La Grande Grange",FR*PLN*EH001123*2,77814839,2ebde48380cea71e98303a4435b7282d,c22287d4eb8140d785467ba0d6885855_12
Av. Santos Dumont,FR*PLN*EH001178*1,81933465,2ebde48380cea71e98303a4435b7282d,c22287d4eb8140d785467ba0d6885855_12
Route de Caen- D513 - Le Moulin du Prés,FR*PLN*EE008137*1,115312107,3909a9fc38ae3300d8a119ac3b313448,c22287d4eb8140d785467ba0d6885855_13
1935 Av. d'Espagne,FR*PLN*EH002119*1,99521413,2ebde48380cea71e98303a4435b7282d,c22287d4eb8140d785467ba0d6885855_12
Chaumont-sur-Tharonne,FR*PLN*EH001596*4,95531348,ebca4abaea071b612ebaeb5fd7b8fb8c,e11d9f9257dc455fbf47af8913eb26df_104
39 Route de Pont de Briques,FR*PLN*EH002977*2,119913699,2ebde48380cea71e98303a4435b7282d,c22287d4eb8140d785467ba0d6885855_12
Route du 17 Octobre 1961,FR*PLN*EH002364*1,98332457,3f011f8ce2ce43039d4392d6014c84c1,c22287d4eb8140d785467ba0d6885855_10
Eni Station - 79 Route de Bischwiller,FR*PLN*EH000887*1,91688816,6dd66b903857c8beb483a6e5eff9c565,c22287d4eb8140d785467ba0d6885855_16
39 Route de Pont de Briques,FR*PLN*EH002977*3,119913706,2ebde48380cea71e98303a4435b7282d,c22287d4eb8140d785467ba0d6885855_12
"Zac du, Rond-Point du Mas Rouma",FR*PLN*EH002492*2,95721455,3f011f8ce2ce43039d4392d6014c84c1,c22287d4eb8140d785467ba0d6885855_10
Route de Caen- D513 - Le Moulin du Prés,FR*PLN*EH002980*2,115312104,6dd66b903857c8beb483a6e5eff9c565,c22287d4eb8140d785467ba0d6885855_16
ZAC du Clos neuf - 6 rue Denis Papin,FR*PLN*EE008153*1,115312103,3909a9fc38ae3300d8a119ac3b313448,c22287d4eb8140d785467ba0d6885855_13
Eni Station - RN 6,FR*PLN*EH000893*1,83257705,6dd66b903857c8beb483a6e5eff9c565,c22287d4eb8140d785467ba0d6885855_16
"Logis Hôtel le Capricorne, Av. Hubert Ruffe",FR*PLN*EH001183*3,81933451,6dd66b903857c8beb483a6e5eff9c565,c22287d4eb8140d785467ba0d6885855_16
Eni Station - 15 AVE JEAN JAURES,FR*PLN*EH000592*2,77427628,6dd66b903857c8beb483a6e5eff9c565,c22287d4eb8140d785467ba0d6885855_16
Eni Station - 79 Route de Bischwiller,FR*PLN*EH000885*3,91688817,6dd66b903857c8beb483a6e5eff9c565,c22287d4eb8140d785467ba0d6885855_16
Haut Forez Nord - Autoroute A89,FR*PLN*EH002131*3,98332969,2ebde48380cea71e98303a4435b7282d,c22287d4eb8140d785467ba0d6885855_12
Haut Forez Nord - Autoroute A89,FR*PLN*EH002110*1,98332941,2ebde48380cea71e98303a4435b7282d,c22287d4eb8140d785467ba0d6885855_12
"ZAC des Charmes, Avenue de L'Europe",FR*PLN*EH003265*3,130162324,2ebde48380cea71e98303a4435b7282d,c22287d4eb8140d785467ba0d6885855_12
Route du Molay-Littry,FR*PLN*EH002953*2,107329220,6dd66b903857c8beb483a6e5eff9c565,c22287d4eb8140d785467ba0d6885855_16
Lotissement Les Mercières,FR*PLN*EH002972*1,115312130,6dd66b903857c8beb483a6e5eff9c565,c22287d4eb8140d785467ba0d6885855_16
Av. des Eaux Blanches,FR*PLN*EH002250*3,98332930,2ebde48380cea71e98303a4435b7282d,c22287d4eb8140d785467ba0d6885855_12
"154 Impasse de, La Grande Grange",FR*PLN*EE007405*2,77814842,6cbc5be5a4297a08bed9bc8816d8310c,c22287d4eb8140d785467ba0d6885855_9
20 route Nationale,FR*PLN*EH003258*1,116191058,6dd66b903857c8beb483a6e5eff9c565,c22287d4eb8140d785467ba0d6885855_16
Eni Station - 79 Route de Bischwiller,FR*PLN*EH000885*1,91688815,6dd66b903857c8beb483a6e5eff9c565,c22287d4eb8140d785467ba0d6885855_16
Eni Station - 4 ROUTE D'ALTENHEIM,FR*PLN*EH000562*2,77554643,6dd66b903857c8beb483a6e5eff9c565,c22287d4eb8140d785467ba0d6885855_16
Eni Station - 51 Rue de Remiremont,FR*PLN*EH000536*2,79049973,2ebde48380cea71e98303a4435b7282d,c22287d4eb8140d785467ba0d6885855_12
Aire de Haut Forez Sud,FR*PLN*EH002122*3,98333043,6dd66b903857c8beb483a6e5eff9c565,c22287d4eb8140d785467ba0d6885855_16
Aire de Service La Maxe - Autoroute A31,FR*PLN*EH003524*2,114458201,2ebde48380cea71e98303a4435b7282d,c22287d4eb8140d785467ba0d6885855_12
"Mail de l'Hippodrome, 3 avenue du",FR*PLN*EH001196*3,81933480,2ebde48380cea71e98303a4435b7282d,c22287d4eb8140d785467ba0d6885855_12
Les Grands Gougniots - 1 rue de Vandoeuvre,FR*PLN*EH002915*2,112175655,2ebde48380cea71e98303a4435b7282d,c22287d4eb8140d785467ba0d6885855_12
Eni Station - 19 BIS AVE BERTHELOT,FR*PLN*EH003099*2,92474088,6dd66b903857c8beb483a6e5eff9c565,c22287d4eb8140d785467ba0d6885855_16
Aire de Haut Forez Sud,FR*PLN*EH003240*2,109733312,2ebde48380cea71e98303a4435b7282d,c22287d4eb8140d785467ba0d6885855_12
Haut Forez Nord - Autoroute A89,FR*PLN*EH002224*2,98332963,2ebde48380cea71e98303a4435b7282d,c22287d4eb8140d785467ba0d6885855_12